"Team","Week","Season","Win_Loss","AVG AGE","diff","Prev_Win_Perc"
"Arizona Cardinals",1,2016,0,25.96,1,0.8125
"Arizona Cardinals",10,2016,1,25.96,8,0.8125
"Arizona Cardinals",11,2016,0,25.96,5,0.8125
"Arizona Cardinals",12,2016,0,25.96,3,0.8125
"Arizona Cardinals",13,2016,1,25.96,1,0.8125
"Arizona Cardinals",14,2016,0,25.96,2,0.8125
"Arizona Cardinals",15,2016,0,25.96,-5,0.8125
"Arizona Cardinals",16,2016,1,25.96,5,0.8125
"Arizona Cardinals",17,2016,1,25.96,4,0.8125
"Arizona Cardinals",2,2016,1,25.96,1,0.8125
"Arizona Cardinals",3,2016,0,25.96,-5,0.8125
"Arizona Cardinals",4,2016,0,25.96,1,0.8125
"Arizona Cardinals",5,2016,1,25.96,2,0.8125
"Arizona Cardinals",6,2016,1,25.96,1,0.8125
"Arizona Cardinals",8,2016,0,25.96,3,0.8125
"Arizona Cardinals",1,2017,0,27.04,-3,0.466666666666667
"Arizona Cardinals",10,2017,0,27.04,-3,0.466666666666667
"Arizona Cardinals",11,2017,0,27.04,3,0.466666666666667
"Arizona Cardinals",12,2017,1,27.04,4,0.466666666666667
"Arizona Cardinals",13,2017,0,27.04,14,0.466666666666667
"Arizona Cardinals",14,2017,1,27.04,12,0.466666666666667
"Arizona Cardinals",15,2017,0,27.04,4,0.466666666666667
"Arizona Cardinals",16,2017,1,27.04,-4,0.466666666666667
"Arizona Cardinals",17,2017,1,27.04,3,0.466666666666667
"Arizona Cardinals",2,2017,1,27.04,-1,0.466666666666667
"Arizona Cardinals",3,2017,0,27.04,1,0.466666666666667
"Arizona Cardinals",4,2017,1,27.04,-7,0.466666666666667
"Arizona Cardinals",5,2017,0,27.04,-1,0.466666666666667
"Arizona Cardinals",6,2017,1,27.04,2,0.466666666666667
"Arizona Cardinals",7,2017,0,27.04,4,0.466666666666667
"Arizona Cardinals",9,2017,1,27.04,-9,0.466666666666667
"Arizona Cardinals",1,2018,0,25.91,-2,0.5
"Arizona Cardinals",10,2018,0,25.91,-7,0.5
"Arizona Cardinals",11,2018,0,25.91,-1,0.5
"Arizona Cardinals",12,2018,0,25.91,3,0.5
"Arizona Cardinals",13,2018,1,25.91,3,0.5
"Arizona Cardinals",14,2018,0,25.91,5,0.5
"Arizona Cardinals",15,2018,0,25.91,11,0.5
"Arizona Cardinals",16,2018,0,25.91,7,0.5
"Arizona Cardinals",17,2018,0,25.91,3,0.5
"Arizona Cardinals",2,2018,0,25.91,2,0.5
"Arizona Cardinals",3,2018,0,25.91,2,0.5
"Arizona Cardinals",4,2018,0,25.91,-9,0.5
"Arizona Cardinals",5,2018,1,25.91,-2,0.5
"Arizona Cardinals",6,2018,0,25.91,-6,0.5
"Arizona Cardinals",7,2018,0,25.91,-5,0.5
"Arizona Cardinals",8,2018,1,25.91,0,0.5
"Arizona Cardinals",10,2019,0,25.83,2,0.1875
"Arizona Cardinals",11,2019,0,25.83,-2,0.1875
"Arizona Cardinals",13,2019,0,25.83,1,0.1875
"Arizona Cardinals",14,2019,0,25.83,1,0.1875
"Arizona Cardinals",15,2019,1,25.83,5,0.1875
"Arizona Cardinals",16,2019,1,25.83,-4,0.1875
"Arizona Cardinals",17,2019,0,25.83,4,0.1875
"Arizona Cardinals",2,2019,0,25.83,3,0.1875
"Arizona Cardinals",3,2019,0,25.83,0,0.1875
"Arizona Cardinals",4,2019,0,25.83,-6,0.1875
"Arizona Cardinals",5,2019,1,25.83,4,0.1875
"Arizona Cardinals",6,2019,1,25.83,-2,0.1875
"Arizona Cardinals",7,2019,1,25.83,1,0.1875
"Arizona Cardinals",8,2019,0,25.83,1,0.1875
"Arizona Cardinals",9,2019,0,25.83,1,0.1875
"Atlanta Falcons",1,2016,0,27.06,0,0.5
"Atlanta Falcons",10,2016,0,27.06,4,0.5
"Atlanta Falcons",12,2016,1,27.06,-3,0.5
"Atlanta Falcons",13,2016,0,27.06,1,0.5
"Atlanta Falcons",14,2016,1,27.06,1,0.5
"Atlanta Falcons",15,2016,1,27.06,4,0.5
"Atlanta Falcons",16,2016,1,27.06,3,0.5
"Atlanta Falcons",17,2016,1,27.06,-8,0.5
"Atlanta Falcons",2,2016,1,27.06,3,0.5
"Atlanta Falcons",3,2016,1,27.06,-14,0.5
"Atlanta Falcons",4,2016,1,27.06,-2,0.5
"Atlanta Falcons",5,2016,1,27.06,3,0.5
"Atlanta Falcons",6,2016,0,27.06,-2,0.5
"Atlanta Falcons",7,2016,0,27.06,-12,0.5
"Atlanta Falcons",8,2016,1,27.06,-7,0.5
"Atlanta Falcons",9,2016,1,27.06,3,0.5
"Atlanta Falcons",1,2017,1,26.83,-3,0.6875
"Atlanta Falcons",10,2017,1,26.83,-8,0.6875
"Atlanta Falcons",11,2017,1,26.83,-12,0.6875
"Atlanta Falcons",12,2017,1,26.83,-4,0.6875
"Atlanta Falcons",13,2017,0,26.83,1,0.6875
"Atlanta Falcons",14,2017,1,26.83,-16,0.6875
"Atlanta Falcons",15,2017,1,26.83,-5,0.6875
"Atlanta Falcons",16,2017,0,26.83,-18,0.6875
"Atlanta Falcons",17,2017,1,26.83,-13,0.6875
"Atlanta Falcons",2,2017,1,26.83,-6,0.6875
"Atlanta Falcons",3,2017,1,26.83,-10,0.6875
"Atlanta Falcons",4,2017,0,26.83,4,0.6875
"Atlanta Falcons",6,2017,0,26.83,-5,0.6875
"Atlanta Falcons",7,2017,0,26.83,-8,0.6875
"Atlanta Falcons",8,2017,1,26.83,-8,0.6875
"Atlanta Falcons",9,2017,0,26.83,-12,0.6875
"Atlanta Falcons",1,2018,0,27.49,-4,0.625
"Atlanta Falcons",10,2018,0,27.49,-4,0.625
"Atlanta Falcons",11,2018,0,27.49,-6,0.625
"Atlanta Falcons",12,2018,0,27.49,-9,0.625
"Atlanta Falcons",13,2018,0,27.49,-12,0.625
"Atlanta Falcons",14,2018,0,27.49,-6,0.625
"Atlanta Falcons",15,2018,1,27.49,-11,0.625
"Atlanta Falcons",16,2018,1,27.49,-7,0.625
"Atlanta Falcons",17,2018,1,27.49,-8,0.625
"Atlanta Falcons",2,2018,1,27.49,-4,0.625
"Atlanta Falcons",3,2018,0,27.49,-6,0.625
"Atlanta Falcons",4,2018,0,27.49,-3,0.625
"Atlanta Falcons",5,2018,0,27.49,-5,0.625
"Atlanta Falcons",6,2018,1,27.49,-6,0.625
"Atlanta Falcons",7,2018,1,27.49,-8,0.625
"Atlanta Falcons",9,2018,1,27.49,-8,0.625
"Atlanta Falcons",1,2019,0,26.63,5,0.4375
"Atlanta Falcons",10,2019,1,26.63,7,0.4375
"Atlanta Falcons",11,2019,1,26.63,5,0.4375
"Atlanta Falcons",12,2019,0,26.63,6,0.4375
"Atlanta Falcons",13,2019,0,26.63,5,0.4375
"Atlanta Falcons",14,2019,1,26.63,3,0.4375
"Atlanta Falcons",15,2019,1,26.63,-1,0.4375
"Atlanta Falcons",16,2019,1,26.63,0,0.4375
"Atlanta Falcons",17,2019,1,26.63,3,0.4375
"Atlanta Falcons",2,2019,1,26.63,2,0.4375
"Atlanta Falcons",3,2019,0,26.63,-1,0.4375
"Atlanta Falcons",4,2019,0,26.63,3,0.4375
"Atlanta Falcons",5,2019,0,26.63,1,0.4375
"Atlanta Falcons",6,2019,0,26.63,2,0.4375
"Atlanta Falcons",7,2019,0,26.63,6,0.4375
"Atlanta Falcons",8,2019,0,26.63,-1,0.4375
"Baltimore Ravens",1,2016,1,26.66,5,0.3125
"Baltimore Ravens",10,2016,1,26.66,5,0.3125
"Baltimore Ravens",11,2016,0,26.66,8,0.3125
"Baltimore Ravens",12,2016,1,26.66,8,0.3125
"Baltimore Ravens",13,2016,1,26.66,8,0.3125
"Baltimore Ravens",14,2016,0,26.66,6,0.3125
"Baltimore Ravens",15,2016,1,26.66,8,0.3125
"Baltimore Ravens",16,2016,0,26.66,2,0.3125
"Baltimore Ravens",17,2016,0,26.66,2,0.3125
"Baltimore Ravens",2,2016,1,26.66,8,0.3125
"Baltimore Ravens",3,2016,1,26.66,5,0.3125
"Baltimore Ravens",4,2016,0,26.66,9,0.3125
"Baltimore Ravens",5,2016,0,26.66,0,0.3125
"Baltimore Ravens",6,2016,0,26.66,7,0.3125
"Baltimore Ravens",7,2016,0,26.66,7,0.3125
"Baltimore Ravens",9,2016,1,26.66,9,0.3125
"Baltimore Ravens",1,2017,1,26.51,6,0.5
"Baltimore Ravens",11,2017,1,26.51,0,0.5
"Baltimore Ravens",12,2017,1,26.51,2,0.5
"Baltimore Ravens",13,2017,1,26.51,-6,0.5
"Baltimore Ravens",14,2017,0,26.51,8,0.5
"Baltimore Ravens",15,2017,1,26.51,-1,0.5
"Baltimore Ravens",16,2017,1,26.51,-6,0.5
"Baltimore Ravens",17,2017,0,26.51,2,0.5
"Baltimore Ravens",2,2017,1,26.51,7,0.5
"Baltimore Ravens",3,2017,0,26.51,2,0.5
"Baltimore Ravens",4,2017,0,26.51,11,0.5
"Baltimore Ravens",5,2017,1,26.51,10,0.5
"Baltimore Ravens",6,2017,0,26.51,10,0.5
"Baltimore Ravens",7,2017,0,26.51,13,0.5
"Baltimore Ravens",8,2017,1,26.51,6,0.5
"Baltimore Ravens",9,2017,0,26.51,9,0.5
"Baltimore Ravens",1,2018,1,26.3,10,0.5625
"Baltimore Ravens",11,2018,1,26.3,3,0.5625
"Baltimore Ravens",12,2018,1,26.3,4,0.5625
"Baltimore Ravens",13,2018,1,26.3,12,0.5625
"Baltimore Ravens",14,2018,0,26.3,3,0.5625
"Baltimore Ravens",15,2018,1,26.3,2,0.5625
"Baltimore Ravens",16,2018,1,26.3,3,0.5625
"Baltimore Ravens",17,2018,1,26.3,2,0.5625
"Baltimore Ravens",2,2018,0,26.3,6,0.5625
"Baltimore Ravens",3,2018,1,26.3,7,0.5625
"Baltimore Ravens",4,2018,1,26.3,5,0.5625
"Baltimore Ravens",5,2018,0,26.3,11,0.5625
"Baltimore Ravens",6,2018,1,26.3,0,0.5625
"Baltimore Ravens",7,2018,0,26.3,5,0.5625
"Baltimore Ravens",8,2018,0,26.3,7,0.5625
"Baltimore Ravens",9,2018,0,26.3,8,0.5625
"Baltimore Ravens",1,2019,1,26.83,-3,0.625
"Baltimore Ravens",10,2019,1,26.83,0,0.625
"Baltimore Ravens",11,2019,1,26.83,-3,0.625
"Baltimore Ravens",12,2019,1,26.83,1,0.625
"Baltimore Ravens",13,2019,1,26.83,-4,0.625
"Baltimore Ravens",14,2019,1,26.83,3,0.625
"Baltimore Ravens",15,2019,1,26.83,-11,0.625
"Baltimore Ravens",16,2019,1,26.83,1,0.625
"Baltimore Ravens",17,2019,1,26.83,1,0.625
"Baltimore Ravens",2,2019,1,26.83,-3,0.625
"Baltimore Ravens",3,2019,0,26.83,-7,0.625
"Baltimore Ravens",4,2019,0,26.83,-3,0.625
"Baltimore Ravens",5,2019,1,26.83,1,0.625
"Baltimore Ravens",6,2019,1,26.83,-1,0.625
"Baltimore Ravens",7,2019,1,26.83,-8,0.625
"Baltimore Ravens",9,2019,1,26.83,-5,0.625
"Buffalo Bills",1,2016,0,26.43,-5,0.5
"Buffalo Bills",11,2016,1,26.43,7,0.5
"Buffalo Bills",12,2016,1,26.43,-1,0.5
"Buffalo Bills",13,2016,0,26.43,8,0.5
"Buffalo Bills",14,2016,0,26.43,1,0.5
"Buffalo Bills",15,2016,1,26.43,3,0.5
"Buffalo Bills",16,2016,0,26.43,6,0.5
"Buffalo Bills",17,2016,0,26.43,-7,0.5
"Buffalo Bills",2,2016,0,26.43,1,0.5
"Buffalo Bills",3,2016,1,26.43,5,0.5
"Buffalo Bills",4,2016,1,26.43,6,0.5
"Buffalo Bills",5,2016,1,26.43,5,0.5
"Buffalo Bills",6,2016,1,26.43,7,0.5
"Buffalo Bills",7,2016,0,26.43,4,0.5
"Buffalo Bills",8,2016,0,26.43,2,0.5
"Buffalo Bills",9,2016,0,26.43,1,0.5
"Buffalo Bills",1,2017,1,26.79,-5,0.4375
"Buffalo Bills",10,2017,0,26.79,-13,0.4375
"Buffalo Bills",11,2017,0,26.79,-2,0.4375
"Buffalo Bills",12,2017,1,26.79,-2,0.4375
"Buffalo Bills",13,2017,0,26.79,-5,0.4375
"Buffalo Bills",14,2017,1,26.79,-9,0.4375
"Buffalo Bills",15,2017,1,26.79,-11,0.4375
"Buffalo Bills",16,2017,0,26.79,-4,0.4375
"Buffalo Bills",17,2017,1,26.79,-12,0.4375
"Buffalo Bills",2,2017,0,26.79,-9,0.4375
"Buffalo Bills",3,2017,1,26.79,-5,0.4375
"Buffalo Bills",4,2017,1,26.79,-4,0.4375
"Buffalo Bills",5,2017,0,26.79,-2,0.4375
"Buffalo Bills",7,2017,1,26.79,-3,0.4375
"Buffalo Bills",8,2017,1,26.79,-2,0.4375
"Buffalo Bills",9,2017,0,26.79,-11,0.4375
"Buffalo Bills",1,2018,0,26.43,-10,0.5625
"Buffalo Bills",10,2018,1,26.43,0,0.5625
"Buffalo Bills",12,2018,1,26.43,-20,0.5625
"Buffalo Bills",13,2018,0,26.43,-10,0.5625
"Buffalo Bills",14,2018,0,26.43,-1,0.5625
"Buffalo Bills",15,2018,1,26.43,-5,0.5625
"Buffalo Bills",16,2018,0,26.43,-7,0.5625
"Buffalo Bills",17,2018,1,26.43,-6,0.5625
"Buffalo Bills",2,2018,0,26.43,-4,0.5625
"Buffalo Bills",3,2018,1,26.43,-9,0.5625
"Buffalo Bills",4,2018,0,26.43,-7,0.5625
"Buffalo Bills",5,2018,1,26.43,-12,0.5625
"Buffalo Bills",6,2018,0,26.43,-10,0.5625
"Buffalo Bills",7,2018,0,26.43,-18,0.5625
"Buffalo Bills",8,2018,0,26.43,-15,0.5625
"Buffalo Bills",9,2018,0,26.43,-4,0.5625
"Buffalo Bills",1,2019,1,26.87,-1,0.375
"Buffalo Bills",10,2019,0,26.87,-4,0.375
"Buffalo Bills",11,2019,1,26.87,-9,0.375
"Buffalo Bills",12,2019,1,26.87,-11,0.375
"Buffalo Bills",13,2019,1,26.87,-8,0.375
"Buffalo Bills",14,2019,0,26.87,-3,0.375
"Buffalo Bills",15,2019,1,26.87,-4,0.375
"Buffalo Bills",16,2019,0,26.87,-7,0.375
"Buffalo Bills",17,2019,0,26.87,-14,0.375
"Buffalo Bills",2,2019,1,26.87,-7,0.375
"Buffalo Bills",3,2019,1,26.87,-5,0.375
"Buffalo Bills",4,2019,0,26.87,-2,0.375
"Buffalo Bills",5,2019,1,26.87,0,0.375
"Buffalo Bills",7,2019,1,26.87,-9,0.375
"Buffalo Bills",8,2019,0,26.87,-4,0.375
"Buffalo Bills",9,2019,1,26.87,-9,0.375
"Carolina Panthers",1,2016,0,26.75,-3,0.9375
"Carolina Panthers",10,2016,0,26.75,0,0.9375
"Carolina Panthers",11,2016,1,26.75,-11,0.9375
"Carolina Panthers",12,2016,0,26.75,2,0.9375
"Carolina Panthers",13,2016,0,26.75,3,0.9375
"Carolina Panthers",14,2016,1,26.75,-14,0.9375
"Carolina Panthers",15,2016,1,26.75,-3,0.9375
"Carolina Panthers",16,2016,0,26.75,-3,0.9375
"Carolina Panthers",17,2016,0,26.75,-2,0.9375
"Carolina Panthers",2,2016,1,26.75,0,0.9375
"Carolina Panthers",3,2016,0,26.75,-2,0.9375
"Carolina Panthers",4,2016,0,26.75,2,0.9375
"Carolina Panthers",5,2016,0,26.75,-1,0.9375
"Carolina Panthers",6,2016,0,26.75,-12,0.9375
"Carolina Panthers",8,2016,1,26.75,-3,0.9375
"Carolina Panthers",9,2016,1,26.75,1,0.9375
"Carolina Panthers",1,2017,1,27.39,-1,0.375
"Carolina Panthers",10,2017,1,27.39,5,0.375
"Carolina Panthers",12,2017,1,27.39,5,0.375
"Carolina Panthers",13,2017,0,27.39,-6,0.375
"Carolina Panthers",14,2017,1,27.39,10,0.375
"Carolina Panthers",15,2017,1,27.39,6,0.375
"Carolina Panthers",16,2017,1,27.39,2,0.375
"Carolina Panthers",17,2017,0,27.39,13,0.375
"Carolina Panthers",2,2017,1,27.39,9,0.375
"Carolina Panthers",3,2017,0,27.39,-2,0.375
"Carolina Panthers",4,2017,1,27.39,6,0.375
"Carolina Panthers",5,2017,1,27.39,2,0.375
"Carolina Panthers",6,2017,0,27.39,6,0.375
"Carolina Panthers",7,2017,0,27.39,6,0.375
"Carolina Panthers",8,2017,1,27.39,10,0.375
"Carolina Panthers",9,2017,1,27.39,12,0.375
"Carolina Panthers",1,2018,1,26.91,1,0.6875
"Carolina Panthers",10,2018,0,26.91,-2,0.6875
"Carolina Panthers",11,2018,0,26.91,1,0.6875
"Carolina Panthers",12,2018,0,26.91,-5,0.6875
"Carolina Panthers",13,2018,0,26.91,-9,0.6875
"Carolina Panthers",14,2018,0,26.91,-1,0.6875
"Carolina Panthers",15,2018,0,26.91,-3,0.6875
"Carolina Panthers",16,2018,0,26.91,7,0.6875
"Carolina Panthers",17,2018,1,26.91,2,0.6875
"Carolina Panthers",2,2018,0,26.91,4,0.6875
"Carolina Panthers",3,2018,1,26.91,-1,0.6875
"Carolina Panthers",5,2018,1,26.91,-3,0.6875
"Carolina Panthers",6,2018,0,26.91,-6,0.6875
"Carolina Panthers",7,2018,1,26.91,-5,0.6875
"Carolina Panthers",8,2018,1,26.91,-7,0.6875
"Carolina Panthers",9,2018,1,26.91,-2,0.6875
"Carolina Panthers",1,2019,0,26.43,5,0.4375
"Carolina Panthers",10,2019,0,26.43,3,0.4375
"Carolina Panthers",11,2019,0,26.43,-5,0.4375
"Carolina Panthers",12,2019,0,26.43,-1,0.4375
"Carolina Panthers",13,2019,0,26.43,-1,0.4375
"Carolina Panthers",14,2019,0,26.43,-3,0.4375
"Carolina Panthers",15,2019,0,26.43,-5,0.4375
"Carolina Panthers",16,2019,0,26.43,-2,0.4375
"Carolina Panthers",17,2019,0,26.43,-1,0.4375
"Carolina Panthers",2,2019,0,26.43,-3,0.4375
"Carolina Panthers",3,2019,1,26.43,0,0.4375
"Carolina Panthers",4,2019,1,26.43,-2,0.4375
"Carolina Panthers",5,2019,1,26.43,0,0.4375
"Carolina Panthers",6,2019,1,26.43,-2,0.4375
"Carolina Panthers",8,2019,0,26.43,-2,0.4375
"Carolina Panthers",9,2019,1,26.43,2,0.4375
"Chicago Bears",1,2016,0,25.81,3,0.375
"Chicago Bears",10,2016,0,25.81,2,0.375
"Chicago Bears",11,2016,0,25.81,4,0.375
"Chicago Bears",12,2016,0,25.81,7,0.375
"Chicago Bears",13,2016,1,25.81,8,0.375
"Chicago Bears",14,2016,0,25.81,3,0.375
"Chicago Bears",15,2016,0,25.81,6,0.375
"Chicago Bears",16,2016,0,25.81,3,0.375
"Chicago Bears",17,2016,0,25.81,3,0.375
"Chicago Bears",2,2016,0,25.81,4,0.375
"Chicago Bears",3,2016,0,25.81,5,0.375
"Chicago Bears",4,2016,1,25.81,3,0.375
"Chicago Bears",5,2016,0,25.81,7,0.375
"Chicago Bears",6,2016,0,25.81,3,0.375
"Chicago Bears",7,2016,0,25.81,2,0.375
"Chicago Bears",8,2016,1,25.81,2,0.375
"Chicago Bears",1,2017,0,26.08,3,0.1875
"Chicago Bears",10,2017,0,26.08,2,0.1875
"Chicago Bears",11,2017,0,26.08,-5,0.1875
"Chicago Bears",12,2017,0,26.08,6,0.1875
"Chicago Bears",13,2017,0,26.08,-11,0.1875
"Chicago Bears",14,2017,1,26.08,0,0.1875
"Chicago Bears",15,2017,0,26.08,-6,0.1875
"Chicago Bears",16,2017,1,26.08,-2,0.1875
"Chicago Bears",17,2017,0,26.08,7,0.1875
"Chicago Bears",2,2017,0,26.08,5,0.1875
"Chicago Bears",3,2017,1,26.08,1,0.1875
"Chicago Bears",4,2017,0,26.08,-3,0.1875
"Chicago Bears",5,2017,0,26.08,6,0.1875
"Chicago Bears",6,2017,1,26.08,-10,0.1875
"Chicago Bears",7,2017,1,26.08,-6,0.1875
"Chicago Bears",8,2017,0,26.08,-6,0.1875
"Chicago Bears",1,2018,0,25.94,-1,0.3125
"Chicago Bears",10,2018,1,25.94,-5,0.3125
"Chicago Bears",11,2018,1,25.94,-5,0.3125
"Chicago Bears",12,2018,1,25.94,-2,0.3125
"Chicago Bears",13,2018,0,25.94,-5,0.3125
"Chicago Bears",14,2018,1,25.94,-3,0.3125
"Chicago Bears",15,2018,1,25.94,-7,0.3125
"Chicago Bears",16,2018,1,25.94,-8,0.3125
"Chicago Bears",17,2018,1,25.94,-6,0.3125
"Chicago Bears",2,2018,1,25.94,-10,0.3125
"Chicago Bears",3,2018,1,25.94,-2,0.3125
"Chicago Bears",4,2018,1,25.94,-7,0.3125
"Chicago Bears",6,2018,0,25.94,-7,0.3125
"Chicago Bears",7,2018,0,25.94,-10,0.3125
"Chicago Bears",8,2018,1,25.94,-1,0.3125
"Chicago Bears",9,2018,1,25.94,4,0.3125
"Chicago Bears",1,2019,0,26.23,-4,0.75
"Chicago Bears",10,2019,1,26.23,-7,0.75
"Chicago Bears",11,2019,0,26.23,-4,0.75
"Chicago Bears",12,2019,1,26.23,-2,0.75
"Chicago Bears",13,2019,1,26.23,-2,0.75
"Chicago Bears",14,2019,1,26.23,-6,0.75
"Chicago Bears",15,2019,0,26.23,2,0.75
"Chicago Bears",16,2019,0,26.23,-7,0.75
"Chicago Bears",17,2019,1,26.23,5,0.75
"Chicago Bears",2,2019,1,26.23,-10,0.75
"Chicago Bears",3,2019,1,26.23,-11,0.75
"Chicago Bears",4,2019,1,26.23,-2,0.75
"Chicago Bears",5,2019,0,26.23,-7,0.75
"Chicago Bears",7,2019,0,26.23,-7,0.75
"Chicago Bears",8,2019,0,26.23,-12,0.75
"Chicago Bears",9,2019,0,26.23,-4,0.75
"Cincinnati Bengals",1,2016,1,26.51,-3,0.75
"Cincinnati Bengals",10,2016,0,26.51,-5,0.75
"Cincinnati Bengals",11,2016,0,26.51,-7,0.75
"Cincinnati Bengals",12,2016,0,26.51,-8,0.75
"Cincinnati Bengals",13,2016,1,26.51,3,0.75
"Cincinnati Bengals",14,2016,1,26.51,-3,0.75
"Cincinnati Bengals",15,2016,0,26.51,-3,0.75
"Cincinnati Bengals",16,2016,0,26.51,-4,0.75
"Cincinnati Bengals",17,2016,1,26.51,-2,0.75
"Cincinnati Bengals",2,2016,0,26.51,-3,0.75
"Cincinnati Bengals",3,2016,0,26.51,0,0.75
"Cincinnati Bengals",4,2016,1,26.51,-1,0.75
"Cincinnati Bengals",5,2016,0,26.51,-5,0.75
"Cincinnati Bengals",6,2016,0,26.51,-5,0.75
"Cincinnati Bengals",7,2016,1,26.51,-11,0.75
"Cincinnati Bengals",1,2017,0,25.62,-6,0.4
"Cincinnati Bengals",10,2017,0,25.62,3,0.4
"Cincinnati Bengals",11,2017,1,25.62,0,0.4
"Cincinnati Bengals",12,2017,1,25.62,-7,0.4
"Cincinnati Bengals",13,2017,0,25.62,4,0.4
"Cincinnati Bengals",14,2017,0,25.62,0,0.4
"Cincinnati Bengals",15,2017,0,25.62,9,0.4
"Cincinnati Bengals",16,2017,1,25.62,-6,0.4
"Cincinnati Bengals",17,2017,1,25.62,-2,0.4
"Cincinnati Bengals",2,2017,0,25.62,-4,0.4
"Cincinnati Bengals",3,2017,0,25.62,-3,0.4
"Cincinnati Bengals",4,2017,1,25.62,-4,0.4
"Cincinnati Bengals",5,2017,1,25.62,2,0.4
"Cincinnati Bengals",7,2017,0,25.62,2,0.4
"Cincinnati Bengals",8,2017,1,25.62,-5,0.4
"Cincinnati Bengals",9,2017,0,25.62,-5,0.4
"Cincinnati Bengals",1,2018,1,25.6,-3,0.4375
"Cincinnati Bengals",10,2018,0,25.6,1,0.4375
"Cincinnati Bengals",11,2018,0,25.6,-3,0.4375
"Cincinnati Bengals",12,2018,0,25.6,8,0.4375
"Cincinnati Bengals",13,2018,0,25.6,3,0.4375
"Cincinnati Bengals",14,2018,0,25.6,7,0.4375
"Cincinnati Bengals",15,2018,1,25.6,-2,0.4375
"Cincinnati Bengals",16,2018,0,25.6,5,0.4375
"Cincinnati Bengals",17,2018,0,25.6,6,0.4375
"Cincinnati Bengals",2,2018,1,25.6,-6,0.4375
"Cincinnati Bengals",3,2018,0,25.6,1,0.4375
"Cincinnati Bengals",4,2018,1,25.6,3,0.4375
"Cincinnati Bengals",5,2018,1,25.6,-3,0.4375
"Cincinnati Bengals",6,2018,0,25.6,-1,0.4375
"Cincinnati Bengals",7,2018,0,25.6,-2,0.4375
"Cincinnati Bengals",8,2018,1,25.6,2,0.4375
"Cincinnati Bengals",1,2019,0,25.94,-7,0.375
"Cincinnati Bengals",10,2019,0,25.94,0,0.375
"Cincinnati Bengals",11,2019,0,25.94,0,0.375
"Cincinnati Bengals",12,2019,0,25.94,-2,0.375
"Cincinnati Bengals",13,2019,1,25.94,-5,0.375
"Cincinnati Bengals",14,2019,0,25.94,2,0.375
"Cincinnati Bengals",15,2019,0,25.94,-1,0.375
"Cincinnati Bengals",16,2019,0,25.94,-8,0.375
"Cincinnati Bengals",17,2019,1,25.94,4,0.375
"Cincinnati Bengals",2,2019,0,25.94,-3,0.375
"Cincinnati Bengals",3,2019,0,25.94,5,0.375
"Cincinnati Bengals",4,2019,0,25.94,2,0.375
"Cincinnati Bengals",5,2019,0,25.94,-4,0.375
"Cincinnati Bengals",6,2019,0,25.94,1,0.375
"Cincinnati Bengals",7,2019,0,25.94,-1,0.375
"Cincinnati Bengals",8,2019,0,25.94,4,0.375
"Cleveland Browns",1,2016,0,25.09,3,0.1875
"Cleveland Browns",10,2016,0,25.09,-5,0.1875
"Cleveland Browns",11,2016,0,25.09,-1,0.1875
"Cleveland Browns",12,2016,0,25.09,4,0.1875
"Cleveland Browns",14,2016,0,25.09,3,0.1875
"Cleveland Browns",15,2016,0,25.09,-3,0.1875
"Cleveland Browns",16,2016,1,25.09,-13,0.1875
"Cleveland Browns",17,2016,0,25.09,0,0.1875
"Cleveland Browns",2,2016,0,25.09,-8,0.1875
"Cleveland Browns",3,2016,0,25.09,8,0.1875
"Cleveland Browns",4,2016,0,25.09,2,0.1875
"Cleveland Browns",5,2016,0,25.09,5,0.1875
"Cleveland Browns",6,2016,0,25.09,11,0.1875
"Cleveland Browns",7,2016,0,25.09,11,0.1875
"Cleveland Browns",8,2016,0,25.09,1,0.1875
"Cleveland Browns",9,2016,0,25.09,3,0.1875
"Cleveland Browns",1,2017,0,24.42,1,0.0625
"Cleveland Browns",10,2017,0,24.42,-6,0.0625
"Cleveland Browns",11,2017,0,24.42,-4,0.0625
"Cleveland Browns",12,2017,0,24.42,7,0.0625
"Cleveland Browns",13,2017,0,24.42,7,0.0625
"Cleveland Browns",14,2017,0,24.42,6,0.0625
"Cleveland Browns",15,2017,0,24.42,1,0.0625
"Cleveland Browns",16,2017,0,24.42,2,0.0625
"Cleveland Browns",17,2017,0,24.42,8,0.0625
"Cleveland Browns",2,2017,0,24.42,-7,0.0625
"Cleveland Browns",3,2017,0,24.42,-3,0.0625
"Cleveland Browns",4,2017,0,24.42,4,0.0625
"Cleveland Browns",5,2017,0,24.42,-1,0.0625
"Cleveland Browns",6,2017,0,24.42,-1,0.0625
"Cleveland Browns",7,2017,0,24.42,5,0.0625
"Cleveland Browns",8,2017,0,24.42,7,0.0625
"Cleveland Browns",10,2018,1,25.38,4,0
"Cleveland Browns",12,2018,1,25.38,-8,0
"Cleveland Browns",13,2018,0,25.38,1,0
"Cleveland Browns",14,2018,1,25.38,1,0
"Cleveland Browns",15,2018,1,25.38,-3,0
"Cleveland Browns",16,2018,1,25.38,-5,0
"Cleveland Browns",17,2018,0,25.38,-2,0
"Cleveland Browns",2,2018,0,25.38,-2,0
"Cleveland Browns",3,2018,1,25.38,2,0
"Cleveland Browns",4,2018,0,25.38,-6,0
"Cleveland Browns",5,2018,1,25.38,-11,0
"Cleveland Browns",6,2018,0,25.38,-2,0
"Cleveland Browns",7,2018,0,25.38,-2,0
"Cleveland Browns",8,2018,0,25.38,-1,0
"Cleveland Browns",9,2018,0,25.38,-7,0
"Cleveland Browns",1,2019,0,25.23,-5,0.466666666666667
"Cleveland Browns",10,2019,1,25.23,4,0.466666666666667
"Cleveland Browns",11,2019,1,25.23,0,0.466666666666667
"Cleveland Browns",12,2019,1,25.23,-7,0.466666666666667
"Cleveland Browns",13,2019,0,25.23,-5,0.466666666666667
"Cleveland Browns",14,2019,1,25.23,-2,0.466666666666667
"Cleveland Browns",15,2019,0,25.23,-5,0.466666666666667
"Cleveland Browns",16,2019,0,25.23,-1,0.466666666666667
"Cleveland Browns",17,2019,0,25.23,-4,0.466666666666667
"Cleveland Browns",2,2019,1,25.23,0,0.466666666666667
"Cleveland Browns",3,2019,0,25.23,8,0.466666666666667
"Cleveland Browns",4,2019,1,25.23,3,0.466666666666667
"Cleveland Browns",5,2019,0,25.23,0,0.466666666666667
"Cleveland Browns",6,2019,0,25.23,-7,0.466666666666667
"Cleveland Browns",8,2019,0,25.23,-6,0.466666666666667
"Cleveland Browns",9,2019,0,25.23,-9,0.466666666666667
"Dallas Cowboys",1,2016,0,26.69,3,0.25
"Dallas Cowboys",10,2016,1,26.69,-2,0.25
"Dallas Cowboys",11,2016,1,26.69,-8,0.25
"Dallas Cowboys",12,2016,1,26.69,-1,0.25
"Dallas Cowboys",13,2016,1,26.69,-1,0.25
"Dallas Cowboys",14,2016,0,26.69,-2,0.25
"Dallas Cowboys",15,2016,1,26.69,0,0.25
"Dallas Cowboys",16,2016,1,26.69,-2,0.25
"Dallas Cowboys",17,2016,0,26.69,1,0.25
"Dallas Cowboys",2,2016,1,26.69,2,0.25
"Dallas Cowboys",3,2016,1,26.69,-5,0.25
"Dallas Cowboys",4,2016,1,26.69,7,0.25
"Dallas Cowboys",5,2016,1,26.69,5,0.25
"Dallas Cowboys",6,2016,1,26.69,3,0.25
"Dallas Cowboys",8,2016,1,26.69,5,0.25
"Dallas Cowboys",9,2016,1,26.69,-3,0.25
"Dallas Cowboys",1,2017,1,25.5,-4,0.8125
"Dallas Cowboys",10,2017,0,25.5,8,0.8125
"Dallas Cowboys",11,2017,0,25.5,2,0.8125
"Dallas Cowboys",12,2017,0,25.5,0,0.8125
"Dallas Cowboys",13,2017,1,25.5,-7,0.8125
"Dallas Cowboys",14,2017,1,25.5,-16,0.8125
"Dallas Cowboys",15,2017,1,25.5,2,0.8125
"Dallas Cowboys",16,2017,0,25.5,-4,0.8125
"Dallas Cowboys",17,2017,1,25.5,3,0.8125
"Dallas Cowboys",2,2017,0,25.5,1,0.8125
"Dallas Cowboys",3,2017,1,25.5,-1,0.8125
"Dallas Cowboys",4,2017,0,25.5,5,0.8125
"Dallas Cowboys",5,2017,0,25.5,-2,0.8125
"Dallas Cowboys",7,2017,1,25.5,-9,0.8125
"Dallas Cowboys",8,2017,1,25.5,-2,0.8125
"Dallas Cowboys",9,2017,1,25.5,1,0.8125
"Dallas Cowboys",1,2018,0,25.48,-1,0.5625
"Dallas Cowboys",10,2018,1,25.48,-2,0.5625
"Dallas Cowboys",11,2018,1,25.48,6,0.5625
"Dallas Cowboys",12,2018,1,25.48,-5,0.5625
"Dallas Cowboys",13,2018,1,25.48,-5,0.5625
"Dallas Cowboys",14,2018,1,25.48,-4,0.5625
"Dallas Cowboys",15,2018,0,25.48,-10,0.5625
"Dallas Cowboys",16,2018,1,25.48,-4,0.5625
"Dallas Cowboys",17,2018,1,25.48,-10,0.5625
"Dallas Cowboys",2,2018,1,25.48,-1,0.5625
"Dallas Cowboys",3,2018,0,25.48,-8,0.5625
"Dallas Cowboys",4,2018,1,25.48,-2,0.5625
"Dallas Cowboys",5,2018,0,25.48,-3,0.5625
"Dallas Cowboys",6,2018,1,25.48,-5,0.5625
"Dallas Cowboys",7,2018,0,25.48,-7,0.5625
"Dallas Cowboys",9,2018,0,25.48,-2,0.5625
"Dallas Cowboys",1,2019,1,26.63,-1,0.625
"Dallas Cowboys",10,2019,0,26.63,3,0.625
"Dallas Cowboys",11,2019,1,26.63,3,0.625
"Dallas Cowboys",12,2019,0,26.63,-2,0.625
"Dallas Cowboys",13,2019,0,26.63,8,0.625
"Dallas Cowboys",14,2019,0,26.63,6,0.625
"Dallas Cowboys",15,2019,1,26.63,3,0.625
"Dallas Cowboys",16,2019,0,26.63,3,0.625
"Dallas Cowboys",17,2019,1,26.63,-4,0.625
"Dallas Cowboys",2,2019,1,26.63,-1,0.625
"Dallas Cowboys",3,2019,1,26.63,3,0.625
"Dallas Cowboys",4,2019,0,26.63,2,0.625
"Dallas Cowboys",5,2019,0,26.63,0,0.625
"Dallas Cowboys",6,2019,0,26.63,0,0.625
"Dallas Cowboys",7,2019,1,26.63,-1,0.625
"Dallas Cowboys",9,2019,1,26.63,3,0.625
"Denver Broncos",1,2016,1,25.68,3,0.75
"Denver Broncos",10,2016,1,25.68,-14,0.75
"Denver Broncos",12,2016,0,25.68,-5,0.75
"Denver Broncos",13,2016,1,25.68,-7,0.75
"Denver Broncos",14,2016,0,25.68,3,0.75
"Denver Broncos",15,2016,0,25.68,0,0.75
"Denver Broncos",16,2016,0,25.68,3,0.75
"Denver Broncos",17,2016,1,25.68,8,0.75
"Denver Broncos",2,2016,1,25.68,-1,0.75
"Denver Broncos",3,2016,1,25.68,0,0.75
"Denver Broncos",4,2016,1,25.68,-2,0.75
"Denver Broncos",5,2016,0,25.68,-3,0.75
"Denver Broncos",6,2016,0,25.68,-16,0.75
"Denver Broncos",7,2016,1,25.68,-6,0.75
"Denver Broncos",8,2016,1,25.68,-17,0.75
"Denver Broncos",9,2016,0,25.68,-3,0.75
"Denver Broncos",1,2017,1,25.83,3,0.5625
"Denver Broncos",10,2017,0,25.83,-2,0.5625
"Denver Broncos",11,2017,0,25.83,0,0.5625
"Denver Broncos",12,2017,0,25.83,5,0.5625
"Denver Broncos",13,2017,0,25.83,-6,0.5625
"Denver Broncos",14,2017,1,25.83,-1,0.5625
"Denver Broncos",15,2017,1,25.83,-9,0.5625
"Denver Broncos",16,2017,0,25.83,-6,0.5625
"Denver Broncos",17,2017,0,25.83,-1,0.5625
"Denver Broncos",2,2017,1,25.83,-1,0.5625
"Denver Broncos",3,2017,0,25.83,5,0.5625
"Denver Broncos",4,2017,1,25.83,3,0.5625
"Denver Broncos",6,2017,0,25.83,-11,0.5625
"Denver Broncos",7,2017,0,25.83,5,0.5625
"Denver Broncos",8,2017,0,25.83,-1,0.5625
"Denver Broncos",9,2017,0,25.83,-2,0.5625
"Denver Broncos",1,2018,1,25.66,1,0.3125
"Denver Broncos",11,2018,1,25.66,6,0.3125
"Denver Broncos",12,2018,1,25.66,2,0.3125
"Denver Broncos",13,2018,1,25.66,-3,0.3125
"Denver Broncos",14,2018,0,25.66,0,0.3125
"Denver Broncos",15,2018,0,25.66,3,0.3125
"Denver Broncos",16,2018,0,25.66,-2,0.3125
"Denver Broncos",17,2018,0,25.66,7,0.3125
"Denver Broncos",2,2018,1,25.66,-3,0.3125
"Denver Broncos",3,2018,0,25.66,-7,0.3125
"Denver Broncos",4,2018,0,25.66,2,0.3125
"Denver Broncos",5,2018,0,25.66,6,0.3125
"Denver Broncos",6,2018,0,25.66,3,0.3125
"Denver Broncos",7,2018,1,25.66,5,0.3125
"Denver Broncos",8,2018,0,25.66,1,0.3125
"Denver Broncos",9,2018,0,25.66,1,0.3125
"Denver Broncos",1,2019,0,25.29,5,0.375
"Denver Broncos",11,2019,0,25.29,8,0.375
"Denver Broncos",12,2019,0,25.29,11,0.375
"Denver Broncos",13,2019,1,25.29,7,0.375
"Denver Broncos",14,2019,1,25.29,1,0.375
"Denver Broncos",15,2019,0,25.29,5,0.375
"Denver Broncos",16,2019,1,25.29,5,0.375
"Denver Broncos",17,2019,1,25.29,6,0.375
"Denver Broncos",2,2019,0,25.29,10,0.375
"Denver Broncos",3,2019,0,25.29,2,0.375
"Denver Broncos",4,2019,0,25.29,2,0.375
"Denver Broncos",5,2019,1,25.29,1,0.375
"Denver Broncos",6,2019,1,25.29,3,0.375
"Denver Broncos",7,2019,0,25.29,-3,0.375
"Denver Broncos",8,2019,0,25.29,2,0.375
"Denver Broncos",9,2019,1,25.29,9,0.375
"Detroit Lions",1,2016,1,26.47,1,0.4375
"Detroit Lions",11,2016,1,26.47,-2,0.4375
"Detroit Lions",12,2016,1,26.47,-2,0.4375
"Detroit Lions",13,2016,1,26.47,-6,0.4375
"Detroit Lions",14,2016,1,26.47,-3,0.4375
"Detroit Lions",15,2016,0,26.47,3,0.4375
"Detroit Lions",16,2016,0,26.47,2,0.4375
"Detroit Lions",17,2016,0,26.47,0,0.4375
"Detroit Lions",2,2016,0,26.47,6,0.4375
"Detroit Lions",3,2016,0,26.47,1,0.4375
"Detroit Lions",4,2016,0,26.47,-3,0.4375
"Detroit Lions",5,2016,1,26.47,9,0.4375
"Detroit Lions",6,2016,1,26.47,3,0.4375
"Detroit Lions",7,2016,1,26.47,3,0.4375
"Detroit Lions",8,2016,0,26.47,1,0.4375
"Detroit Lions",9,2016,1,26.47,-1,0.4375
"Detroit Lions",1,2017,1,26.04,3,0.5625
"Detroit Lions",10,2017,1,26.04,6,0.5625
"Detroit Lions",11,2017,1,26.04,5,0.5625
"Detroit Lions",12,2017,0,26.04,12,0.5625
"Detroit Lions",13,2017,0,26.04,6,0.5625
"Detroit Lions",14,2017,1,26.04,7,0.5625
"Detroit Lions",15,2017,1,26.04,6,0.5625
"Detroit Lions",16,2017,0,26.04,6,0.5625
"Detroit Lions",17,2017,1,26.04,4,0.5625
"Detroit Lions",2,2017,1,26.04,-1,0.5625
"Detroit Lions",3,2017,0,26.04,10,0.5625
"Detroit Lions",4,2017,1,26.04,14,0.5625
"Detroit Lions",5,2017,0,26.04,-2,0.5625
"Detroit Lions",6,2017,0,26.04,3,0.5625
"Detroit Lions",8,2017,0,26.04,9,0.5625
"Detroit Lions",9,2017,1,26.04,7,0.5625
"Detroit Lions",1,2018,0,26.64,3,0.5625
"Detroit Lions",10,2018,0,26.64,5,0.5625
"Detroit Lions",11,2018,1,26.64,-1,0.5625
"Detroit Lions",12,2018,0,26.64,2,0.5625
"Detroit Lions",13,2018,0,26.64,1,0.5625
"Detroit Lions",14,2018,1,26.64,-5,0.5625
"Detroit Lions",15,2018,0,26.64,5,0.5625
"Detroit Lions",16,2018,0,26.64,0,0.5625
"Detroit Lions",17,2018,1,26.64,-1,0.5625
"Detroit Lions",2,2018,0,26.64,-1,0.5625
"Detroit Lions",3,2018,1,26.64,-8,0.5625
"Detroit Lions",4,2018,0,26.64,2,0.5625
"Detroit Lions",5,2018,1,26.64,-1,0.5625
"Detroit Lions",7,2018,1,26.64,-4,0.5625
"Detroit Lions",8,2018,0,26.64,-5,0.5625
"Detroit Lions",9,2018,0,26.64,-6,0.5625
"Detroit Lions",10,2019,0,25.81,7,0.375
"Detroit Lions",11,2019,0,25.81,-3,0.375
"Detroit Lions",12,2019,0,25.81,-1,0.375
"Detroit Lions",13,2019,0,25.81,2,0.375
"Detroit Lions",14,2019,0,25.81,7,0.375
"Detroit Lions",15,2019,0,25.81,1,0.375
"Detroit Lions",16,2019,0,25.81,-5,0.375
"Detroit Lions",17,2019,0,25.81,5,0.375
"Detroit Lions",2,2019,1,25.81,-4,0.375
"Detroit Lions",3,2019,1,25.81,-7,0.375
"Detroit Lions",4,2019,0,25.81,-6,0.375
"Detroit Lions",6,2019,0,25.81,-4,0.375
"Detroit Lions",7,2019,0,25.81,2,0.375
"Detroit Lions",8,2019,1,25.81,-4,0.375
"Detroit Lions",9,2019,0,25.81,-1,0.375
"Green Bay Packers",1,2016,1,25.69,2,0.625
"Green Bay Packers",10,2016,0,25.69,6,0.625
"Green Bay Packers",11,2016,0,25.69,1,0.625
"Green Bay Packers",12,2016,1,25.69,9,0.625
"Green Bay Packers",13,2016,1,25.69,-2,0.625
"Green Bay Packers",14,2016,1,25.69,2,0.625
"Green Bay Packers",15,2016,1,25.69,-6,0.625
"Green Bay Packers",16,2016,1,25.69,1,0.625
"Green Bay Packers",17,2016,1,25.69,0,0.625
"Green Bay Packers",2,2016,0,25.69,2,0.625
"Green Bay Packers",3,2016,1,25.69,-1,0.625
"Green Bay Packers",5,2016,1,25.69,-2,0.625
"Green Bay Packers",6,2016,0,25.69,-3,0.625
"Green Bay Packers",7,2016,1,25.69,-2,0.625
"Green Bay Packers",8,2016,0,25.69,7,0.625
"Green Bay Packers",9,2016,0,25.69,3,0.625
"Green Bay Packers",1,2017,1,25.55,-3,0.625
"Green Bay Packers",10,2017,1,25.55,-2,0.625
"Green Bay Packers",11,2017,0,25.55,0,0.625
"Green Bay Packers",12,2017,0,25.55,6,0.625
"Green Bay Packers",13,2017,1,25.55,-1,0.625
"Green Bay Packers",14,2017,1,25.55,-6,0.625
"Green Bay Packers",15,2017,0,25.55,-6,0.625
"Green Bay Packers",16,2017,0,25.55,7,0.625
"Green Bay Packers",17,2017,0,25.55,-4,0.625
"Green Bay Packers",2,2017,0,25.55,6,0.625
"Green Bay Packers",3,2017,1,25.55,3,0.625
"Green Bay Packers",4,2017,1,25.55,3,0.625
"Green Bay Packers",5,2017,1,25.55,2,0.625
"Green Bay Packers",6,2017,0,25.55,6,0.625
"Green Bay Packers",7,2017,0,25.55,-4,0.625
"Green Bay Packers",9,2017,0,25.55,-7,0.625
"Green Bay Packers",1,2018,1,25.55,1,0.4375
"Green Bay Packers",10,2018,1,25.55,-6,0.4375
"Green Bay Packers",11,2018,0,25.55,-7,0.4375
"Green Bay Packers",12,2018,0,25.55,-2,0.4375
"Green Bay Packers",13,2018,0,25.55,-3,0.4375
"Green Bay Packers",14,2018,1,25.55,6,0.4375
"Green Bay Packers",15,2018,0,25.55,7,0.4375
"Green Bay Packers",16,2018,1,25.55,4,0.4375
"Green Bay Packers",17,2018,0,25.55,1,0.4375
"Green Bay Packers",3,2018,0,25.55,-8,0.4375
"Green Bay Packers",4,2018,1,25.55,7,0.4375
"Green Bay Packers",5,2018,0,25.55,1,0.4375
"Green Bay Packers",6,2018,1,25.55,2,0.4375
"Green Bay Packers",8,2018,0,25.55,-5,0.4375
"Green Bay Packers",9,2018,0,25.55,-10,0.4375
"Green Bay Packers",1,2019,1,26.15,4,0.4
"Green Bay Packers",10,2019,1,26.15,-3,0.4
"Green Bay Packers",12,2019,0,26.15,-5,0.4
"Green Bay Packers",13,2019,1,26.15,-1,0.4
"Green Bay Packers",14,2019,1,26.15,-6,0.4
"Green Bay Packers",15,2019,1,26.15,-2,0.4
"Green Bay Packers",16,2019,1,26.15,3,0.4
"Green Bay Packers",17,2019,1,26.15,-5,0.4
"Green Bay Packers",2,2019,1,26.15,3,0.4
"Green Bay Packers",3,2019,1,26.15,-2,0.4
"Green Bay Packers",4,2019,0,26.15,4,0.4
"Green Bay Packers",5,2019,1,26.15,0,0.4
"Green Bay Packers",6,2019,1,26.15,4,0.4
"Green Bay Packers",7,2019,1,26.15,-1,0.4
"Green Bay Packers",8,2019,1,26.15,-5,0.4
"Green Bay Packers",9,2019,0,26.15,-7,0.4
"Houston Texans",1,2016,1,26.57,-3,0.5625
"Houston Texans",10,2016,1,26.57,7,0.5625
"Houston Texans",11,2016,0,26.57,10,0.5625
"Houston Texans",12,2016,0,26.57,-10,0.5625
"Houston Texans",13,2016,0,26.57,2,0.5625
"Houston Texans",14,2016,1,26.57,5,0.5625
"Houston Texans",15,2016,1,26.57,2,0.5625
"Houston Texans",16,2016,1,26.57,4,0.5625
"Houston Texans",17,2016,0,26.57,8,0.5625
"Houston Texans",2,2016,1,26.57,1,0.5625
"Houston Texans",3,2016,0,26.57,3,0.5625
"Houston Texans",4,2016,1,26.57,5,0.5625
"Houston Texans",5,2016,0,26.57,0,0.5625
"Houston Texans",6,2016,1,26.57,10,0.5625
"Houston Texans",7,2016,0,26.57,6,0.5625
"Houston Texans",8,2016,1,26.57,-1,0.5625
"Houston Texans",1,2017,0,26.09,-4,0.5625
"Houston Texans",10,2017,0,26.09,3,0.5625
"Houston Texans",11,2017,1,26.09,-3,0.5625
"Houston Texans",12,2017,0,26.09,-2,0.5625
"Houston Texans",13,2017,0,26.09,8,0.5625
"Houston Texans",14,2017,0,26.09,-6,0.5625
"Houston Texans",15,2017,0,26.09,2,0.5625
"Houston Texans",16,2017,0,26.09,12,0.5625
"Houston Texans",17,2017,0,26.09,0,0.5625
"Houston Texans",2,2017,1,26.09,4,0.5625
"Houston Texans",3,2017,0,26.09,-1,0.5625
"Houston Texans",4,2017,1,26.09,2,0.5625
"Houston Texans",5,2017,0,26.09,-1,0.5625
"Houston Texans",6,2017,1,26.09,1,0.5625
"Houston Texans",8,2017,0,26.09,1,0.5625
"Houston Texans",9,2017,0,26.09,-6,0.5625
"Houston Texans",1,2018,0,25.72,-3,0.25
"Houston Texans",11,2018,1,25.72,-5,0.25
"Houston Texans",12,2018,1,25.72,-4,0.25
"Houston Texans",13,2018,1,25.72,-1,0.25
"Houston Texans",14,2018,0,25.72,-8,0.25
"Houston Texans",15,2018,1,25.72,1,0.25
"Houston Texans",16,2018,0,25.72,-4,0.25
"Houston Texans",17,2018,1,25.72,-13,0.25
"Houston Texans",2,2018,0,25.72,-5,0.25
"Houston Texans",3,2018,0,25.72,1,0.25
"Houston Texans",4,2018,1,25.72,-9,0.25
"Houston Texans",5,2018,1,25.72,3,0.25
"Houston Texans",6,2018,1,25.72,10,0.25
"Houston Texans",7,2018,1,25.72,-5,0.25
"Houston Texans",8,2018,1,25.72,2,0.25
"Houston Texans",9,2018,1,25.72,-1,0.25
"Houston Texans",1,2019,0,26.55,5,0.6875
"Houston Texans",11,2019,0,26.55,3,0.6875
"Houston Texans",12,2019,1,26.55,2,0.6875
"Houston Texans",13,2019,1,26.55,0,0.6875
"Houston Texans",14,2019,0,26.55,-1,0.6875
"Houston Texans",15,2019,1,26.55,2,0.6875
"Houston Texans",16,2019,1,26.55,0,0.6875
"Houston Texans",17,2019,0,26.55,6,0.6875
"Houston Texans",2,2019,1,26.55,-1,0.6875
"Houston Texans",3,2019,1,26.55,3,0.6875
"Houston Texans",4,2019,0,26.55,2,0.6875
"Houston Texans",5,2019,1,26.55,-1,0.6875
"Houston Texans",6,2019,1,26.55,-2,0.6875
"Houston Texans",7,2019,0,26.55,2,0.6875
"Houston Texans",8,2019,1,26.55,11,0.6875
"Houston Texans",9,2019,1,26.55,-1,0.6875
"Indianapolis Colts",1,2016,0,26.47,-1,0.5
"Indianapolis Colts",11,2016,1,26.47,2,0.5
"Indianapolis Colts",12,2016,0,26.47,-5,0.5
"Indianapolis Colts",13,2016,1,26.47,-7,0.5
"Indianapolis Colts",14,2016,0,26.47,-5,0.5
"Indianapolis Colts",15,2016,1,26.47,2,0.5
"Indianapolis Colts",16,2016,0,26.47,5,0.5
"Indianapolis Colts",17,2016,1,26.47,-4,0.5
"Indianapolis Colts",2,2016,0,26.47,1,0.5
"Indianapolis Colts",3,2016,1,26.47,-12,0.5
"Indianapolis Colts",4,2016,0,26.47,-1,0.5
"Indianapolis Colts",5,2016,1,26.47,-7,0.5
"Indianapolis Colts",6,2016,0,26.47,-10,0.5
"Indianapolis Colts",7,2016,1,26.47,6,0.5
"Indianapolis Colts",8,2016,0,26.47,2,0.5
"Indianapolis Colts",9,2016,1,26.47,-3,0.5
"Indianapolis Colts",1,2017,0,25.53,5,0.5
"Indianapolis Colts",10,2017,0,25.53,11,0.5
"Indianapolis Colts",12,2017,0,25.53,8,0.5
"Indianapolis Colts",13,2017,0,25.53,-2,0.5
"Indianapolis Colts",14,2017,0,25.53,9,0.5
"Indianapolis Colts",15,2017,0,25.53,9,0.5
"Indianapolis Colts",16,2017,0,25.53,6,0.5
"Indianapolis Colts",17,2017,1,25.53,0,0.5
"Indianapolis Colts",2,2017,0,25.53,1,0.5
"Indianapolis Colts",3,2017,1,25.53,3,0.5
"Indianapolis Colts",4,2017,0,25.53,5,0.5
"Indianapolis Colts",5,2017,1,25.53,-3,0.5
"Indianapolis Colts",6,2017,0,25.53,6,0.5
"Indianapolis Colts",7,2017,0,25.53,0,0.5
"Indianapolis Colts",8,2017,0,25.53,5,0.5
"Indianapolis Colts",9,2017,1,25.53,6,0.5
"Indianapolis Colts",1,2018,0,25.52,3,0.25
"Indianapolis Colts",10,2018,1,25.52,-1,0.25
"Indianapolis Colts",11,2018,1,25.52,6,0.25
"Indianapolis Colts",12,2018,1,25.52,9,0.25
"Indianapolis Colts",13,2018,0,25.52,-5,0.25
"Indianapolis Colts",14,2018,1,25.52,8,0.25
"Indianapolis Colts",15,2018,1,25.52,10,0.25
"Indianapolis Colts",16,2018,1,25.52,5,0.25
"Indianapolis Colts",17,2018,1,25.52,2,0.25
"Indianapolis Colts",2,2018,1,25.52,1,0.25
"Indianapolis Colts",3,2018,0,25.52,8,0.25
"Indianapolis Colts",4,2018,0,25.52,9,0.25
"Indianapolis Colts",5,2018,0,25.52,8,0.25
"Indianapolis Colts",6,2018,0,25.52,13,0.25
"Indianapolis Colts",7,2018,1,25.52,18,0.25
"Indianapolis Colts",8,2018,1,25.52,8,0.25
"Indianapolis Colts",1,2019,0,25.68,-1,0.625
"Indianapolis Colts",10,2019,0,25.68,-2,0.625
"Indianapolis Colts",11,2019,1,25.68,0,0.625
"Indianapolis Colts",12,2019,0,25.68,-2,0.625
"Indianapolis Colts",13,2019,0,25.68,2,0.625
"Indianapolis Colts",14,2019,0,25.68,2,0.625
"Indianapolis Colts",15,2019,0,25.68,-2,0.625
"Indianapolis Colts",16,2019,1,25.68,2,0.625
"Indianapolis Colts",17,2019,0,25.68,0,0.625
"Indianapolis Colts",2,2019,1,25.68,2,0.625
"Indianapolis Colts",3,2019,1,25.68,1,0.625
"Indianapolis Colts",4,2019,0,25.68,3,0.625
"Indianapolis Colts",5,2019,1,25.68,-2,0.625
"Indianapolis Colts",7,2019,1,25.68,-2,0.625
"Indianapolis Colts",8,2019,1,25.68,-2,0.625
"Indianapolis Colts",9,2019,0,25.68,5,0.625
"Jacksonville Jaguars",1,2016,0,25.54,-2,0.3125
"Jacksonville Jaguars",10,2016,0,25.54,-7,0.3125
"Jacksonville Jaguars",11,2016,0,25.54,2,0.3125
"Jacksonville Jaguars",12,2016,0,25.54,1,0.3125
"Jacksonville Jaguars",13,2016,0,25.54,7,0.3125
"Jacksonville Jaguars",14,2016,0,25.54,4,0.3125
"Jacksonville Jaguars",15,2016,0,25.54,-2,0.3125
"Jacksonville Jaguars",16,2016,1,25.54,13,0.3125
"Jacksonville Jaguars",17,2016,0,25.54,4,0.3125
"Jacksonville Jaguars",2,2016,0,25.54,-8,0.3125
"Jacksonville Jaguars",3,2016,0,25.54,-5,0.3125
"Jacksonville Jaguars",4,2016,1,25.54,1,0.3125
"Jacksonville Jaguars",6,2016,1,25.54,-3,0.3125
"Jacksonville Jaguars",7,2016,0,25.54,1,0.3125
"Jacksonville Jaguars",8,2016,0,25.54,2,0.3125
"Jacksonville Jaguars",9,2016,0,25.54,-1,0.3125
"Jacksonville Jaguars",1,2017,1,25.72,4,0.1875
"Jacksonville Jaguars",10,2017,1,25.72,7,0.1875
"Jacksonville Jaguars",11,2017,1,25.72,4,0.1875
"Jacksonville Jaguars",12,2017,0,25.72,-4,0.1875
"Jacksonville Jaguars",13,2017,1,25.72,2,0.1875
"Jacksonville Jaguars",14,2017,1,25.72,0,0.1875
"Jacksonville Jaguars",15,2017,1,25.72,-2,0.1875
"Jacksonville Jaguars",16,2017,0,25.72,-9,0.1875
"Jacksonville Jaguars",17,2017,0,25.72,7,0.1875
"Jacksonville Jaguars",2,2017,0,25.72,5,0.1875
"Jacksonville Jaguars",3,2017,1,25.72,-2,0.1875
"Jacksonville Jaguars",4,2017,0,25.72,6,0.1875
"Jacksonville Jaguars",5,2017,1,25.72,11,0.1875
"Jacksonville Jaguars",6,2017,0,25.72,6,0.1875
"Jacksonville Jaguars",7,2017,1,25.72,0,0.1875
"Jacksonville Jaguars",9,2017,1,25.72,5,0.1875
"Jacksonville Jaguars",1,2018,1,25.58,1,0.625
"Jacksonville Jaguars",10,2018,0,25.58,1,0.625
"Jacksonville Jaguars",11,2018,0,25.58,10,0.625
"Jacksonville Jaguars",12,2018,0,25.58,20,0.625
"Jacksonville Jaguars",13,2018,1,25.58,5,0.625
"Jacksonville Jaguars",14,2018,0,25.58,9,0.625
"Jacksonville Jaguars",15,2018,0,25.58,3,0.625
"Jacksonville Jaguars",16,2018,1,25.58,7,0.625
"Jacksonville Jaguars",17,2018,0,25.58,13,0.625
"Jacksonville Jaguars",2,2018,1,25.58,-4,0.625
"Jacksonville Jaguars",3,2018,0,25.58,-3,0.625
"Jacksonville Jaguars",4,2018,1,25.58,6,0.625
"Jacksonville Jaguars",5,2018,0,25.58,2,0.625
"Jacksonville Jaguars",6,2018,0,25.58,5,0.625
"Jacksonville Jaguars",7,2018,0,25.58,5,0.625
"Jacksonville Jaguars",8,2018,0,25.58,9,0.625
"Jacksonville Jaguars",1,2019,0,25.3,0,0.3125
"Jacksonville Jaguars",11,2019,0,25.3,0,0.3125
"Jacksonville Jaguars",12,2019,0,25.3,4,0.3125
"Jacksonville Jaguars",13,2019,0,25.3,3,0.3125
"Jacksonville Jaguars",14,2019,0,25.3,3,0.3125
"Jacksonville Jaguars",15,2019,1,25.3,4,0.3125
"Jacksonville Jaguars",16,2019,0,25.3,0,0.3125
"Jacksonville Jaguars",17,2019,1,25.3,0,0.3125
"Jacksonville Jaguars",2,2019,0,25.3,1,0.3125
"Jacksonville Jaguars",3,2019,1,25.3,1,0.3125
"Jacksonville Jaguars",4,2019,1,25.3,-2,0.3125
"Jacksonville Jaguars",5,2019,0,25.3,0,0.3125
"Jacksonville Jaguars",6,2019,0,25.3,2,0.3125
"Jacksonville Jaguars",7,2019,1,25.3,1,0.3125
"Jacksonville Jaguars",8,2019,1,25.3,3,0.3125
"Jacksonville Jaguars",9,2019,0,25.3,1,0.3125
"Kansas City Chiefs",1,2016,1,25.57,-10,0.6875
"Kansas City Chiefs",10,2016,1,25.57,0,0.6875
"Kansas City Chiefs",11,2016,0,25.57,-1,0.6875
"Kansas City Chiefs",12,2016,1,25.57,5,0.6875
"Kansas City Chiefs",13,2016,1,25.57,-1,0.6875
"Kansas City Chiefs",14,2016,1,25.57,-2,0.6875
"Kansas City Chiefs",15,2016,0,25.57,3,0.6875
"Kansas City Chiefs",16,2016,1,25.57,-3,0.6875
"Kansas City Chiefs",17,2016,1,25.57,-18,0.6875
"Kansas City Chiefs",2,2016,0,25.57,-1,0.6875
"Kansas City Chiefs",3,2016,1,25.57,1,0.6875
"Kansas City Chiefs",4,2016,0,25.57,-4,0.6875
"Kansas City Chiefs",6,2016,1,25.57,-3,0.6875
"Kansas City Chiefs",7,2016,1,25.57,-14,0.6875
"Kansas City Chiefs",8,2016,1,25.57,-2,0.6875
"Kansas City Chiefs",9,2016,1,25.57,1,0.6875
"Kansas City Chiefs",1,2017,1,26.25,-2,0.75
"Kansas City Chiefs",11,2017,0,26.25,-9,0.75
"Kansas City Chiefs",12,2017,0,26.25,2,0.75
"Kansas City Chiefs",13,2017,0,26.25,-2,0.75
"Kansas City Chiefs",14,2017,1,26.25,3,0.75
"Kansas City Chiefs",15,2017,1,26.25,2,0.75
"Kansas City Chiefs",16,2017,1,26.25,-8,0.75
"Kansas City Chiefs",17,2017,1,26.25,1,0.75
"Kansas City Chiefs",2,2017,1,26.25,1,0.75
"Kansas City Chiefs",3,2017,1,26.25,3,0.75
"Kansas City Chiefs",4,2017,1,26.25,3,0.75
"Kansas City Chiefs",5,2017,1,26.25,1,0.75
"Kansas City Chiefs",6,2017,0,26.25,7,0.75
"Kansas City Chiefs",7,2017,0,26.25,3,0.75
"Kansas City Chiefs",8,2017,1,26.25,1,0.75
"Kansas City Chiefs",9,2017,0,26.25,-1,0.75
"Kansas City Chiefs",1,2018,1,25.96,-1,0.625
"Kansas City Chiefs",10,2018,1,25.96,7,0.625
"Kansas City Chiefs",11,2018,0,25.96,4,0.625
"Kansas City Chiefs",13,2018,1,25.96,0,0.625
"Kansas City Chiefs",14,2018,1,25.96,-3,0.625
"Kansas City Chiefs",15,2018,0,25.96,3,0.625
"Kansas City Chiefs",16,2018,0,25.96,-1,0.625
"Kansas City Chiefs",17,2018,1,25.96,-4,0.625
"Kansas City Chiefs",2,2018,1,25.96,-3,0.625
"Kansas City Chiefs",3,2018,1,25.96,0,0.625
"Kansas City Chiefs",4,2018,1,25.96,-2,0.625
"Kansas City Chiefs",5,2018,1,25.96,-2,0.625
"Kansas City Chiefs",6,2018,0,25.96,1,0.625
"Kansas City Chiefs",7,2018,1,25.96,2,0.625
"Kansas City Chiefs",8,2018,1,25.96,-1,0.625
"Kansas City Chiefs",9,2018,1,25.96,7,0.625
"Kansas City Chiefs",1,2019,1,26.66,0,0.75
"Kansas City Chiefs",10,2019,0,26.66,5,0.75
"Kansas City Chiefs",11,2019,1,26.66,1,0.75
"Kansas City Chiefs",13,2019,1,26.66,3,0.75
"Kansas City Chiefs",14,2019,1,26.66,3,0.75
"Kansas City Chiefs",15,2019,1,26.66,-5,0.75
"Kansas City Chiefs",16,2019,1,26.66,7,0.75
"Kansas City Chiefs",17,2019,1,26.66,9,0.75
"Kansas City Chiefs",2,2019,1,26.66,5,0.75
"Kansas City Chiefs",3,2019,1,26.66,7,0.75
"Kansas City Chiefs",4,2019,1,26.66,6,0.75
"Kansas City Chiefs",5,2019,0,26.66,2,0.75
"Kansas City Chiefs",6,2019,0,26.66,2,0.75
"Kansas City Chiefs",7,2019,1,26.66,3,0.75
"Kansas City Chiefs",8,2019,0,26.66,5,0.75
"Kansas City Chiefs",9,2019,1,26.66,13,0.75
"Los Angeles Chargers",1,2016,0,26,10,0.25
"Los Angeles Chargers",10,2016,0,26,15,0.25
"Los Angeles Chargers",12,2016,1,26,10,0.25
"Los Angeles Chargers",13,2016,0,26,15,0.25
"Los Angeles Chargers",14,2016,0,26,14,0.25
"Los Angeles Chargers",15,2016,0,26,18,0.25
"Los Angeles Chargers",16,2016,0,26,13,0.25
"Los Angeles Chargers",17,2016,0,26,18,0.25
"Los Angeles Chargers",2,2016,1,26,8,0.25
"Los Angeles Chargers",3,2016,0,26,12,0.25
"Los Angeles Chargers",4,2016,0,26,1,0.25
"Los Angeles Chargers",5,2016,0,26,14,0.25
"Los Angeles Chargers",6,2016,1,26,16,0.25
"Los Angeles Chargers",7,2016,1,26,12,0.25
"Los Angeles Chargers",8,2016,0,26,17,0.25
"Los Angeles Chargers",9,2016,1,26,17,0.25
"Los Angeles Chargers",1,2017,0,26.21,-3,0.3125
"Los Angeles Chargers",10,2017,0,26.21,-7,0.3125
"Los Angeles Chargers",11,2017,1,26.21,2,0.3125
"Los Angeles Chargers",12,2017,1,26.21,0,0.3125
"Los Angeles Chargers",13,2017,1,26.21,-7,0.3125
"Los Angeles Chargers",14,2017,1,26.21,-9,0.3125
"Los Angeles Chargers",15,2017,0,26.21,-2,0.3125
"Los Angeles Chargers",16,2017,1,26.21,-3,0.3125
"Los Angeles Chargers",17,2017,1,26.21,0,0.3125
"Los Angeles Chargers",2,2017,0,26.21,-3,0.3125
"Los Angeles Chargers",3,2017,0,26.21,-3,0.3125
"Los Angeles Chargers",4,2017,0,26.21,-6,0.3125
"Los Angeles Chargers",5,2017,1,26.21,-8,0.3125
"Los Angeles Chargers",6,2017,1,26.21,0,0.3125
"Los Angeles Chargers",7,2017,1,26.21,-5,0.3125
"Los Angeles Chargers",8,2017,0,26.21,-4,0.3125
"Los Angeles Chargers",1,2018,0,26.25,1,0.5625
"Los Angeles Chargers",10,2018,1,26.25,-2,0.5625
"Los Angeles Chargers",11,2018,0,26.25,-6,0.5625
"Los Angeles Chargers",12,2018,1,26.25,-3,0.5625
"Los Angeles Chargers",13,2018,1,26.25,-2,0.5625
"Los Angeles Chargers",14,2018,1,26.25,-7,0.5625
"Los Angeles Chargers",15,2018,1,26.25,-3,0.5625
"Los Angeles Chargers",16,2018,0,26.25,-3,0.5625
"Los Angeles Chargers",17,2018,1,26.25,-7,0.5625
"Los Angeles Chargers",2,2018,1,26.25,4,0.5625
"Los Angeles Chargers",3,2018,0,26.25,-1,0.5625
"Los Angeles Chargers",4,2018,1,26.25,-3,0.5625
"Los Angeles Chargers",5,2018,1,26.25,-3,0.5625
"Los Angeles Chargers",6,2018,1,26.25,2,0.5625
"Los Angeles Chargers",7,2018,1,26.25,-6,0.5625
"Los Angeles Chargers",9,2018,1,26.25,-7,0.5625
"Los Angeles Chargers",1,2019,1,26.36,1,0.75
"Los Angeles Chargers",10,2019,0,26.36,6,0.75
"Los Angeles Chargers",11,2019,0,26.36,-1,0.75
"Los Angeles Chargers",13,2019,0,26.36,-7,0.75
"Los Angeles Chargers",14,2019,1,26.36,-3,0.75
"Los Angeles Chargers",15,2019,0,26.36,3,0.75
"Los Angeles Chargers",16,2019,0,26.36,-4,0.75
"Los Angeles Chargers",17,2019,0,26.36,-9,0.75
"Los Angeles Chargers",2,2019,0,26.36,4,0.75
"Los Angeles Chargers",3,2019,0,26.36,-3,0.75
"Los Angeles Chargers",4,2019,1,26.36,-5,0.75
"Los Angeles Chargers",5,2019,0,26.36,-1,0.75
"Los Angeles Chargers",6,2019,0,26.36,4,0.75
"Los Angeles Chargers",7,2019,0,26.36,6,0.75
"Los Angeles Chargers",8,2019,1,26.36,12,0.75
"Los Angeles Chargers",9,2019,1,26.36,7,0.75
"Los Angeles Rams",1,2016,0,25.3,3,0.4375
"Los Angeles Rams",10,2016,1,25.3,-7,0.4375
"Los Angeles Rams",11,2016,0,25.3,-3,0.4375
"Los Angeles Rams",12,2016,0,25.3,-10,0.4375
"Los Angeles Rams",13,2016,0,25.3,0,0.4375
"Los Angeles Rams",14,2016,0,25.3,-1,0.4375
"Los Angeles Rams",15,2016,0,25.3,1,0.4375
"Los Angeles Rams",16,2016,0,25.3,-3,0.4375
"Los Angeles Rams",17,2016,0,25.3,-4,0.4375
"Los Angeles Rams",2,2016,1,25.3,4,0.4375
"Los Angeles Rams",3,2016,1,25.3,2,0.4375
"Los Angeles Rams",4,2016,1,25.3,-1,0.4375
"Los Angeles Rams",5,2016,0,25.3,-5,0.4375
"Los Angeles Rams",6,2016,0,25.3,-3,0.4375
"Los Angeles Rams",7,2016,0,25.3,1,0.4375
"Los Angeles Rams",9,2016,0,25.3,-1,0.4375
"Los Angeles Rams",1,2017,1,25.43,-5,0.25
"Los Angeles Rams",10,2017,1,25.43,-3,0.25
"Los Angeles Rams",11,2017,0,25.43,1,0.25
"Los Angeles Rams",12,2017,1,25.43,-14,0.25
"Los Angeles Rams",13,2017,1,25.43,-14,0.25
"Los Angeles Rams",14,2017,0,25.43,-1,0.25
"Los Angeles Rams",15,2017,1,25.43,-8,0.25
"Los Angeles Rams",16,2017,1,25.43,0,0.25
"Los Angeles Rams",17,2017,0,25.43,-11,0.25
"Los Angeles Rams",2,2017,0,25.43,-1,0.25
"Los Angeles Rams",3,2017,1,25.43,-8,0.25
"Los Angeles Rams",4,2017,1,25.43,-5,0.25
"Los Angeles Rams",5,2017,0,25.43,-6,0.25
"Los Angeles Rams",6,2017,1,25.43,-6,0.25
"Los Angeles Rams",7,2017,1,25.43,-4,0.25
"Los Angeles Rams",9,2017,1,25.43,-16,0.25
"Los Angeles Rams",1,2018,1,25.89,1,0.6875
"Los Angeles Rams",10,2018,1,25.89,-7,0.6875
"Los Angeles Rams",11,2018,1,25.89,-4,0.6875
"Los Angeles Rams",13,2018,1,25.89,-1,0.6875
"Los Angeles Rams",14,2018,0,25.89,3,0.6875
"Los Angeles Rams",15,2018,0,25.89,-6,0.6875
"Los Angeles Rams",16,2018,1,25.89,-7,0.6875
"Los Angeles Rams",17,2018,1,25.89,-5,0.6875
"Los Angeles Rams",2,2018,1,25.89,-2,0.6875
"Los Angeles Rams",3,2018,1,25.89,1,0.6875
"Los Angeles Rams",4,2018,1,25.89,-1,0.6875
"Los Angeles Rams",5,2018,1,25.89,-6,0.6875
"Los Angeles Rams",6,2018,1,25.89,-3,0.6875
"Los Angeles Rams",7,2018,1,25.89,0,0.6875
"Los Angeles Rams",8,2018,1,25.89,5,0.6875
"Los Angeles Rams",9,2018,0,25.89,-3,0.6875
"Los Angeles Rams",1,2019,1,25.62,-5,0.8125
"Los Angeles Rams",10,2019,0,25.62,-1,0.8125
"Los Angeles Rams",11,2019,1,25.62,4,0.8125
"Los Angeles Rams",12,2019,0,25.62,-1,0.8125
"Los Angeles Rams",13,2019,1,25.62,-1,0.8125
"Los Angeles Rams",14,2019,1,25.62,-9,0.8125
"Los Angeles Rams",15,2019,0,25.62,-3,0.8125
"Los Angeles Rams",16,2019,0,25.62,-9,0.8125
"Los Angeles Rams",17,2019,1,25.62,-4,0.8125
"Los Angeles Rams",2,2019,1,25.62,-3,0.8125
"Los Angeles Rams",3,2019,1,25.62,-8,0.8125
"Los Angeles Rams",4,2019,0,25.62,-8,0.8125
"Los Angeles Rams",5,2019,0,25.62,-7,0.8125
"Los Angeles Rams",6,2019,0,25.62,-7,0.8125
"Los Angeles Rams",7,2019,1,25.62,-6,0.8125
"Los Angeles Rams",8,2019,1,25.62,-4,0.8125
"Miami Dolphins",1,2016,0,26.16,4,0.375
"Miami Dolphins",10,2016,1,26.16,-15,0.375
"Miami Dolphins",11,2016,1,26.16,3,0.375
"Miami Dolphins",12,2016,1,26.16,4,0.375
"Miami Dolphins",13,2016,0,26.16,-8,0.375
"Miami Dolphins",14,2016,1,26.16,-2,0.375
"Miami Dolphins",15,2016,1,26.16,-12,0.375
"Miami Dolphins",16,2016,1,26.16,-6,0.375
"Miami Dolphins",17,2016,0,26.16,4,0.375
"Miami Dolphins",2,2016,0,26.16,-1,0.375
"Miami Dolphins",3,2016,1,26.16,-8,0.375
"Miami Dolphins",4,2016,0,26.16,1,0.375
"Miami Dolphins",5,2016,0,26.16,0,0.375
"Miami Dolphins",6,2016,1,26.16,-7,0.375
"Miami Dolphins",7,2016,1,26.16,-4,0.375
"Miami Dolphins",9,2016,1,26.16,-5,0.375
"Miami Dolphins",10,2017,0,26.23,-5,0.625
"Miami Dolphins",11,2017,0,26.23,2,0.625
"Miami Dolphins",12,2017,0,26.23,1,0.625
"Miami Dolphins",13,2017,1,26.23,6,0.625
"Miami Dolphins",14,2017,1,26.23,2,0.625
"Miami Dolphins",15,2017,0,26.23,11,0.625
"Miami Dolphins",16,2017,0,26.23,8,0.625
"Miami Dolphins",17,2017,0,26.23,12,0.625
"Miami Dolphins",2,2017,1,26.23,3,0.625
"Miami Dolphins",3,2017,0,26.23,0,0.625
"Miami Dolphins",4,2017,0,26.23,-4,0.625
"Miami Dolphins",5,2017,1,26.23,2,0.625
"Miami Dolphins",6,2017,1,26.23,5,0.625
"Miami Dolphins",7,2017,1,26.23,0,0.625
"Miami Dolphins",8,2017,0,26.23,-6,0.625
"Miami Dolphins",9,2017,0,26.23,5,0.625
"Miami Dolphins",1,2018,1,26.36,-8,0.375
"Miami Dolphins",10,2018,0,26.36,6,0.375
"Miami Dolphins",12,2018,0,26.36,-9,0.375
"Miami Dolphins",13,2018,1,26.36,10,0.375
"Miami Dolphins",14,2018,1,26.36,-3,0.375
"Miami Dolphins",15,2018,0,26.36,3,0.375
"Miami Dolphins",16,2018,0,26.36,-7,0.375
"Miami Dolphins",17,2018,0,26.36,6,0.375
"Miami Dolphins",2,2018,1,26.36,2,0.375
"Miami Dolphins",3,2018,1,26.36,-5,0.375
"Miami Dolphins",4,2018,0,26.36,-4,0.375
"Miami Dolphins",5,2018,0,26.36,3,0.375
"Miami Dolphins",6,2018,1,26.36,7,0.375
"Miami Dolphins",7,2018,0,26.36,4,0.375
"Miami Dolphins",8,2018,0,26.36,-2,0.375
"Miami Dolphins",9,2018,1,26.36,5,0.375
"Miami Dolphins",1,2019,0,25.39,3,0.4375
"Miami Dolphins",10,2019,1,25.39,2,0.4375
"Miami Dolphins",11,2019,0,25.39,9,0.4375
"Miami Dolphins",12,2019,0,25.39,7,0.4375
"Miami Dolphins",13,2019,1,25.39,8,0.4375
"Miami Dolphins",14,2019,0,25.39,0,0.4375
"Miami Dolphins",15,2019,0,25.39,11,0.4375
"Miami Dolphins",16,2019,1,25.39,8,0.4375
"Miami Dolphins",17,2019,1,25.39,9,0.4375
"Miami Dolphins",2,2019,0,25.39,1,0.4375
"Miami Dolphins",3,2019,0,25.39,-3,0.4375
"Miami Dolphins",4,2019,0,25.39,5,0.4375
"Miami Dolphins",6,2019,0,25.39,-1,0.4375
"Miami Dolphins",7,2019,0,25.39,9,0.4375
"Miami Dolphins",8,2019,0,25.39,7,0.4375
"Miami Dolphins",9,2019,1,25.39,-1,0.4375
"Minnesota Vikings",1,2016,1,26.57,5,0.6875
"Minnesota Vikings",10,2016,0,26.57,2,0.6875
"Minnesota Vikings",11,2016,1,26.57,-5,0.6875
"Minnesota Vikings",12,2016,0,26.57,2,0.6875
"Minnesota Vikings",13,2016,0,26.57,1,0.6875
"Minnesota Vikings",14,2016,1,26.57,-4,0.6875
"Minnesota Vikings",15,2016,0,26.57,-2,0.6875
"Minnesota Vikings",16,2016,0,26.57,-1,0.6875
"Minnesota Vikings",17,2016,1,26.57,-3,0.6875
"Minnesota Vikings",2,2016,1,26.57,-2,0.6875
"Minnesota Vikings",3,2016,1,26.57,2,0.6875
"Minnesota Vikings",4,2016,1,26.57,-3,0.6875
"Minnesota Vikings",5,2016,1,26.57,0,0.6875
"Minnesota Vikings",7,2016,0,26.57,9,0.6875
"Minnesota Vikings",8,2016,0,26.57,-2,0.6875
"Minnesota Vikings",9,2016,0,26.57,1,0.6875
"Minnesota Vikings",1,2017,1,26.38,-11,0.5
"Minnesota Vikings",10,2017,1,26.38,-5,0.5
"Minnesota Vikings",11,2017,1,26.38,-1,0.5
"Minnesota Vikings",12,2017,1,26.38,-12,0.5
"Minnesota Vikings",13,2017,1,26.38,-1,0.5
"Minnesota Vikings",14,2017,0,26.38,-10,0.5
"Minnesota Vikings",15,2017,1,26.38,-9,0.5
"Minnesota Vikings",16,2017,1,26.38,-7,0.5
"Minnesota Vikings",17,2017,1,26.38,-7,0.5
"Minnesota Vikings",2,2017,0,26.38,-7,0.5
"Minnesota Vikings",3,2017,1,26.38,-5,0.5
"Minnesota Vikings",4,2017,0,26.38,-14,0.5
"Minnesota Vikings",5,2017,1,26.38,-6,0.5
"Minnesota Vikings",6,2017,1,26.38,-6,0.5
"Minnesota Vikings",7,2017,1,26.38,-13,0.5
"Minnesota Vikings",8,2017,1,26.38,-7,0.5
"Minnesota Vikings",1,2018,1,26.09,4,0.8125
"Minnesota Vikings",11,2018,0,26.09,5,0.8125
"Minnesota Vikings",12,2018,1,26.09,2,0.8125
"Minnesota Vikings",13,2018,0,26.09,-6,0.8125
"Minnesota Vikings",14,2018,0,26.09,-4,0.8125
"Minnesota Vikings",15,2018,1,26.09,-3,0.8125
"Minnesota Vikings",16,2018,1,26.09,0,0.8125
"Minnesota Vikings",17,2018,0,26.09,6,0.8125
"Minnesota Vikings",3,2018,0,26.09,9,0.8125
"Minnesota Vikings",4,2018,0,26.09,1,0.8125
"Minnesota Vikings",5,2018,1,26.09,2,0.8125
"Minnesota Vikings",6,2018,1,26.09,6,0.8125
"Minnesota Vikings",7,2018,1,26.09,6,0.8125
"Minnesota Vikings",8,2018,0,26.09,3,0.8125
"Minnesota Vikings",9,2018,1,26.09,6,0.8125
"Minnesota Vikings",1,2019,1,26.1,-5,0.533333333333333
"Minnesota Vikings",10,2019,1,26.1,-3,0.533333333333333
"Minnesota Vikings",11,2019,1,26.1,-8,0.533333333333333
"Minnesota Vikings",13,2019,0,26.1,-12,0.533333333333333
"Minnesota Vikings",14,2019,1,26.1,-7,0.533333333333333
"Minnesota Vikings",15,2019,1,26.1,-3,0.533333333333333
"Minnesota Vikings",16,2019,0,26.1,-3,0.533333333333333
"Minnesota Vikings",17,2019,0,26.1,-5,0.533333333333333
"Minnesota Vikings",2,2019,0,26.1,-3,0.533333333333333
"Minnesota Vikings",3,2019,1,26.1,-2,0.533333333333333
"Minnesota Vikings",4,2019,0,26.1,2,0.533333333333333
"Minnesota Vikings",5,2019,1,26.1,-5,0.533333333333333
"Minnesota Vikings",6,2019,1,26.1,-4,0.533333333333333
"Minnesota Vikings",7,2019,1,26.1,-2,0.533333333333333
"Minnesota Vikings",8,2019,1,26.1,-12,0.533333333333333
"Minnesota Vikings",9,2019,0,26.1,-13,0.533333333333333
"New England Patriots",1,2016,1,26.28,-1,0.75
"New England Patriots",10,2016,0,26.28,-2,0.75
"New England Patriots",11,2016,1,26.28,3,0.75
"New England Patriots",12,2016,1,26.28,-5,0.75
"New England Patriots",13,2016,1,26.28,0,0.75
"New England Patriots",14,2016,1,26.28,-6,0.75
"New England Patriots",15,2016,1,26.28,0,0.75
"New England Patriots",16,2016,1,26.28,-10,0.75
"New England Patriots",17,2016,1,26.28,-4,0.75
"New England Patriots",2,2016,1,26.28,1,0.75
"New England Patriots",3,2016,1,26.28,-3,0.75
"New England Patriots",4,2016,0,26.28,-6,0.75
"New England Patriots",5,2016,1,26.28,-5,0.75
"New England Patriots",6,2016,1,26.28,5,0.75
"New England Patriots",7,2016,1,26.28,-4,0.75
"New England Patriots",8,2016,1,26.28,-2,0.75
"New England Patriots",1,2017,0,27.21,2,0.875
"New England Patriots",10,2017,1,27.21,2,0.875
"New England Patriots",11,2017,1,27.21,7,0.875
"New England Patriots",12,2017,1,27.21,-1,0.875
"New England Patriots",13,2017,1,27.21,5,0.875
"New England Patriots",14,2017,0,27.21,-2,0.875
"New England Patriots",15,2017,1,27.21,7,0.875
"New England Patriots",16,2017,1,27.21,4,0.875
"New England Patriots",17,2017,1,27.21,-2,0.875
"New England Patriots",2,2017,1,27.21,-2,0.875
"New England Patriots",3,2017,1,27.21,1,0.875
"New England Patriots",4,2017,0,27.21,-6,0.875
"New England Patriots",5,2017,1,27.21,2,0.875
"New England Patriots",6,2017,1,27.21,0,0.875
"New England Patriots",7,2017,1,27.21,8,0.875
"New England Patriots",8,2017,1,27.21,4,0.875
"New England Patriots",1,2018,1,27.54,3,0.8125
"New England Patriots",10,2018,0,27.54,1,0.8125
"New England Patriots",12,2018,1,27.54,10,0.8125
"New England Patriots",13,2018,1,27.54,6,0.8125
"New England Patriots",14,2018,0,27.54,3,0.8125
"New England Patriots",15,2018,0,27.54,2,0.8125
"New England Patriots",16,2018,1,27.54,7,0.8125
"New England Patriots",17,2018,1,27.54,1,0.8125
"New England Patriots",2,2018,0,27.54,4,0.8125
"New England Patriots",3,2018,0,27.54,8,0.8125
"New England Patriots",4,2018,1,27.54,4,0.8125
"New England Patriots",5,2018,1,27.54,-8,0.8125
"New England Patriots",6,2018,1,27.54,-1,0.8125
"New England Patriots",7,2018,1,27.54,10,0.8125
"New England Patriots",8,2018,1,27.54,15,0.8125
"New England Patriots",9,2018,1,27.54,10,0.8125
"New England Patriots",1,2019,1,27.58,8,0.6875
"New England Patriots",11,2019,1,27.58,4,0.6875
"New England Patriots",12,2019,1,27.58,2,0.6875
"New England Patriots",13,2019,0,27.58,0,0.6875
"New England Patriots",14,2019,0,27.58,-3,0.6875
"New England Patriots",15,2019,1,27.58,1,0.6875
"New England Patriots",16,2019,1,27.58,7,0.6875
"New England Patriots",17,2019,0,27.58,-9,0.6875
"New England Patriots",2,2019,1,27.58,-1,0.6875
"New England Patriots",3,2019,1,27.58,4,0.6875
"New England Patriots",4,2019,1,27.58,2,0.6875
"New England Patriots",5,2019,1,27.58,-1,0.6875
"New England Patriots",6,2019,1,27.58,0,0.6875
"New England Patriots",7,2019,1,27.58,1,0.6875
"New England Patriots",8,2019,1,27.58,6,0.6875
"New England Patriots",9,2019,0,27.58,5,0.6875
"New Orleans Saints",1,2016,0,27.19,9,0.4375
"New Orleans Saints",10,2016,0,27.19,14,0.4375
"New Orleans Saints",11,2016,0,27.19,11,0.4375
"New Orleans Saints",12,2016,1,27.19,10,0.4375
"New Orleans Saints",13,2016,0,27.19,6,0.4375
"New Orleans Saints",14,2016,0,27.19,7,0.4375
"New Orleans Saints",15,2016,1,27.19,5,0.4375
"New Orleans Saints",16,2016,1,27.19,6,0.4375
"New Orleans Saints",17,2016,0,27.19,8,0.4375
"New Orleans Saints",2,2016,0,27.19,10,0.4375
"New Orleans Saints",3,2016,0,27.19,14,0.4375
"New Orleans Saints",4,2016,1,27.19,-1,0.4375
"New Orleans Saints",6,2016,1,27.19,12,0.4375
"New Orleans Saints",7,2016,0,27.19,14,0.4375
"New Orleans Saints",8,2016,1,27.19,6,0.4375
"New Orleans Saints",9,2016,1,27.19,11,0.4375
"New Orleans Saints",1,2017,0,26.1,11,0.4375
"New Orleans Saints",10,2017,1,26.1,13,0.4375
"New Orleans Saints",11,2017,1,26.1,7,0.4375
"New Orleans Saints",12,2017,0,26.1,14,0.4375
"New Orleans Saints",13,2017,1,26.1,6,0.4375
"New Orleans Saints",14,2017,0,26.1,16,0.4375
"New Orleans Saints",15,2017,1,26.1,7,0.4375
"New Orleans Saints",16,2017,1,26.1,18,0.4375
"New Orleans Saints",17,2017,0,26.1,11,0.4375
"New Orleans Saints",2,2017,0,26.1,2,0.4375
"New Orleans Saints",3,2017,1,26.1,2,0.4375
"New Orleans Saints",4,2017,1,26.1,4,0.4375
"New Orleans Saints",6,2017,1,26.1,-3,0.4375
"New Orleans Saints",7,2017,1,26.1,4,0.4375
"New Orleans Saints",8,2017,1,26.1,6,0.4375
"New Orleans Saints",9,2017,1,26.1,11,0.4375
"New Orleans Saints",1,2018,0,26.63,-1,0.6875
"New Orleans Saints",10,2018,1,26.63,-1,0.6875
"New Orleans Saints",11,2018,1,26.63,5,0.6875
"New Orleans Saints",12,2018,1,26.63,9,0.6875
"New Orleans Saints",13,2018,0,26.63,5,0.6875
"New Orleans Saints",14,2018,1,26.63,-2,0.6875
"New Orleans Saints",15,2018,1,26.63,3,0.6875
"New Orleans Saints",16,2018,1,26.63,2,0.6875
"New Orleans Saints",17,2018,0,26.63,-2,0.6875
"New Orleans Saints",2,2018,1,26.63,2,0.6875
"New Orleans Saints",3,2018,1,26.63,6,0.6875
"New Orleans Saints",4,2018,1,26.63,-3,0.6875
"New Orleans Saints",5,2018,1,26.63,-3,0.6875
"New Orleans Saints",7,2018,1,26.63,-5,0.6875
"New Orleans Saints",8,2018,1,26.63,-3,0.6875
"New Orleans Saints",9,2018,1,26.63,3,0.6875
"New Orleans Saints",1,2019,1,26.73,-5,0.8125
"New Orleans Saints",10,2019,0,26.73,-7,0.8125
"New Orleans Saints",11,2019,1,26.73,-3,0.8125
"New Orleans Saints",12,2019,1,26.73,1,0.8125
"New Orleans Saints",13,2019,1,26.73,-5,0.8125
"New Orleans Saints",14,2019,0,26.73,-1,0.8125
"New Orleans Saints",15,2019,1,26.73,2,0.8125
"New Orleans Saints",16,2019,1,26.73,3,0.8125
"New Orleans Saints",17,2019,1,26.73,1,0.8125
"New Orleans Saints",2,2019,0,26.73,3,0.8125
"New Orleans Saints",3,2019,1,26.73,-6,0.8125
"New Orleans Saints",4,2019,1,26.73,-2,0.8125
"New Orleans Saints",5,2019,1,26.73,-2,0.8125
"New Orleans Saints",6,2019,1,26.73,-2,0.8125
"New Orleans Saints",7,2019,1,26.73,7,0.8125
"New Orleans Saints",8,2019,1,26.73,-1,0.8125
"New York Giants",1,2016,1,26.43,-3,0.375
"New York Giants",10,2016,1,26.43,5,0.375
"New York Giants",11,2016,1,26.43,-4,0.375
"New York Giants",12,2016,1,26.43,-4,0.375
"New York Giants",13,2016,0,26.43,0,0.375
"New York Giants",14,2016,1,26.43,2,0.375
"New York Giants",15,2016,1,26.43,-3,0.375
"New York Giants",16,2016,0,26.43,3,0.375
"New York Giants",17,2016,1,26.43,-3,0.375
"New York Giants",2,2016,1,26.43,-10,0.375
"New York Giants",3,2016,0,26.43,-1,0.375
"New York Giants",4,2016,0,26.43,3,0.375
"New York Giants",5,2016,0,26.43,2,0.375
"New York Giants",6,2016,1,26.43,-7,0.375
"New York Giants",7,2016,1,26.43,-1,0.375
"New York Giants",9,2016,1,26.43,3,0.375
"New York Giants",1,2017,0,25.59,4,0.6875
"New York Giants",10,2017,0,25.59,-3,0.6875
"New York Giants",11,2017,1,25.59,9,0.6875
"New York Giants",12,2017,0,25.59,5,0.6875
"New York Giants",13,2017,0,25.59,17,0.6875
"New York Giants",14,2017,0,25.59,16,0.6875
"New York Giants",15,2017,0,25.59,16,0.6875
"New York Giants",16,2017,0,25.59,4,0.6875
"New York Giants",17,2017,1,25.59,8,0.6875
"New York Giants",2,2017,0,25.59,1,0.6875
"New York Giants",3,2017,0,25.59,2,0.6875
"New York Giants",4,2017,0,25.59,6,0.6875
"New York Giants",5,2017,0,25.59,8,0.6875
"New York Giants",6,2017,1,25.59,11,0.6875
"New York Giants",7,2017,0,25.59,8,0.6875
"New York Giants",9,2017,0,25.59,16,0.6875
"New York Giants",1,2018,0,26.04,-1,0.1875
"New York Giants",10,2018,1,26.04,1,0.1875
"New York Giants",11,2018,1,26.04,-3,0.1875
"New York Giants",12,2018,0,26.04,-1,0.1875
"New York Giants",13,2018,1,26.04,5,0.1875
"New York Giants",14,2018,1,26.04,-7,0.1875
"New York Giants",15,2018,0,26.04,-4,0.1875
"New York Giants",16,2018,0,26.04,-5,0.1875
"New York Giants",17,2018,0,26.04,10,0.1875
"New York Giants",2,2018,0,26.04,1,0.1875
"New York Giants",3,2018,1,26.04,-1,0.1875
"New York Giants",4,2018,0,26.04,3,0.1875
"New York Giants",5,2018,0,26.04,3,0.1875
"New York Giants",6,2018,0,26.04,0,0.1875
"New York Giants",7,2018,0,26.04,8,0.1875
"New York Giants",8,2018,0,26.04,0,0.1875
"New York Giants",1,2019,0,25.66,1,0.3125
"New York Giants",10,2019,0,25.66,-5,0.3125
"New York Giants",12,2019,0,25.66,2,0.3125
"New York Giants",13,2019,0,25.66,1,0.3125
"New York Giants",14,2019,0,25.66,1,0.3125
"New York Giants",15,2019,1,25.66,-11,0.3125
"New York Giants",16,2019,1,25.66,-9,0.3125
"New York Giants",17,2019,0,25.66,0,0.3125
"New York Giants",2,2019,0,25.66,7,0.3125
"New York Giants",3,2019,1,25.66,-3,0.3125
"New York Giants",4,2019,1,25.66,-3,0.3125
"New York Giants",5,2019,0,25.66,5,0.3125
"New York Giants",6,2019,0,25.66,0,0.3125
"New York Giants",7,2019,0,25.66,-1,0.3125
"New York Giants",8,2019,0,25.66,4,0.3125
"New York Giants",9,2019,0,25.66,-3,0.3125
"New York Jets",1,2016,0,25.46,3,0.625
"New York Jets",10,2016,0,25.46,7,0.625
"New York Jets",12,2016,0,25.46,5,0.625
"New York Jets",13,2016,0,25.46,7,0.625
"New York Jets",14,2016,1,25.46,11,0.625
"New York Jets",15,2016,0,25.46,12,0.625
"New York Jets",16,2016,0,25.46,10,0.625
"New York Jets",17,2016,1,25.46,7,0.625
"New York Jets",2,2016,1,25.46,-1,0.625
"New York Jets",3,2016,0,25.46,-1,0.625
"New York Jets",4,2016,0,25.46,2,0.625
"New York Jets",5,2016,0,25.46,-2,0.625
"New York Jets",6,2016,0,25.46,-1,0.625
"New York Jets",7,2016,1,25.46,-7,0.625
"New York Jets",8,2016,1,25.46,-1,0.625
"New York Jets",9,2016,0,25.46,5,0.625
"New York Jets",1,2017,0,25.4,5,0.3125
"New York Jets",10,2017,0,25.4,4,0.3125
"New York Jets",12,2017,0,25.4,-5,0.3125
"New York Jets",13,2017,1,25.4,2,0.3125
"New York Jets",14,2017,0,25.4,1,0.3125
"New York Jets",15,2017,0,25.4,-7,0.3125
"New York Jets",16,2017,0,25.4,3,0.3125
"New York Jets",17,2017,0,25.4,2,0.3125
"New York Jets",2,2017,0,25.4,6,0.3125
"New York Jets",3,2017,1,25.4,0,0.3125
"New York Jets",4,2017,1,25.4,-6,0.3125
"New York Jets",5,2017,1,25.4,1,0.3125
"New York Jets",6,2017,0,25.4,0,0.3125
"New York Jets",7,2017,0,25.4,0,0.3125
"New York Jets",8,2017,0,25.4,8,0.3125
"New York Jets",9,2017,1,25.4,11,0.3125
"New York Jets",1,2018,1,25.62,-3,0.3125
"New York Jets",10,2018,0,25.62,0,0.3125
"New York Jets",12,2018,0,25.62,-10,0.3125
"New York Jets",13,2018,0,25.62,-7,0.3125
"New York Jets",14,2018,1,25.62,1,0.3125
"New York Jets",15,2018,0,25.62,-1,0.3125
"New York Jets",16,2018,0,25.62,-4,0.3125
"New York Jets",17,2018,0,25.62,-1,0.3125
"New York Jets",2,2018,0,25.62,-2,0.3125
"New York Jets",3,2018,0,25.62,-2,0.3125
"New York Jets",4,2018,0,25.62,-6,0.3125
"New York Jets",5,2018,1,25.62,-6,0.3125
"New York Jets",6,2018,1,25.62,-13,0.3125
"New York Jets",7,2018,0,25.62,-6,0.3125
"New York Jets",8,2018,0,25.62,1,0.3125
"New York Jets",9,2018,0,25.62,-5,0.3125
"New York Jets",1,2019,0,26.04,1,0.25
"New York Jets",10,2019,1,26.04,5,0.25
"New York Jets",11,2019,1,26.04,1,0.25
"New York Jets",12,2019,1,26.04,5,0.25
"New York Jets",13,2019,0,26.04,5,0.25
"New York Jets",14,2019,1,26.04,0,0.25
"New York Jets",15,2019,0,26.04,11,0.25
"New York Jets",16,2019,1,26.04,10,0.25
"New York Jets",17,2019,1,26.04,14,0.25
"New York Jets",2,2019,0,26.04,0,0.25
"New York Jets",3,2019,0,26.04,-4,0.25
"New York Jets",5,2019,0,26.04,-1,0.25
"New York Jets",6,2019,1,26.04,0,0.25
"New York Jets",7,2019,0,26.04,-1,0.25
"New York Jets",8,2019,0,26.04,-3,0.25
"New York Jets",9,2019,0,26.04,1,0.25
"Oakland Raiders",1,2016,1,26.26,-9,0.4375
"Oakland Raiders",11,2016,1,26.26,-10,0.4375
"Oakland Raiders",12,2016,1,26.26,-2,0.4375
"Oakland Raiders",13,2016,1,26.26,-8,0.4375
"Oakland Raiders",14,2016,0,26.26,2,0.4375
"Oakland Raiders",15,2016,1,26.26,-18,0.4375
"Oakland Raiders",16,2016,1,26.26,-5,0.4375
"Oakland Raiders",17,2016,0,26.26,-8,0.4375
"Oakland Raiders",2,2016,0,26.26,-3,0.4375
"Oakland Raiders",3,2016,1,26.26,-1,0.4375
"Oakland Raiders",4,2016,1,26.26,-9,0.4375
"Oakland Raiders",5,2016,1,26.26,-14,0.4375
"Oakland Raiders",6,2016,0,26.26,3,0.4375
"Oakland Raiders",7,2016,1,26.26,-1,0.4375
"Oakland Raiders",8,2016,1,26.26,-2,0.4375
"Oakland Raiders",9,2016,1,26.26,3,0.4375
"Oakland Raiders",1,2017,1,26.19,-1,0.75
"Oakland Raiders",11,2017,0,26.19,-7,0.75
"Oakland Raiders",12,2017,1,26.19,-5,0.75
"Oakland Raiders",13,2017,1,26.19,-17,0.75
"Oakland Raiders",14,2017,0,26.19,-3,0.75
"Oakland Raiders",15,2017,0,26.19,-2,0.75
"Oakland Raiders",16,2017,0,26.19,1,0.75
"Oakland Raiders",17,2017,0,26.19,0,0.75
"Oakland Raiders",2,2017,1,26.19,-6,0.75
"Oakland Raiders",3,2017,0,26.19,-4,0.75
"Oakland Raiders",4,2017,0,26.19,-3,0.75
"Oakland Raiders",5,2017,0,26.19,-10,0.75
"Oakland Raiders",6,2017,0,26.19,0,0.75
"Oakland Raiders",7,2017,1,26.19,-3,0.75
"Oakland Raiders",8,2017,0,26.19,2,0.75
"Oakland Raiders",9,2017,1,26.19,-5,0.75
"Oakland Raiders",1,2018,0,26.11,-1,0.375
"Oakland Raiders",10,2018,0,26.11,2,0.375
"Oakland Raiders",11,2018,1,26.11,1,0.375
"Oakland Raiders",12,2018,0,26.11,-4,0.375
"Oakland Raiders",13,2018,0,26.11,0,0.375
"Oakland Raiders",14,2018,1,26.11,6,0.375
"Oakland Raiders",15,2018,0,26.11,2,0.375
"Oakland Raiders",16,2018,1,26.11,2,0.375
"Oakland Raiders",17,2018,0,26.11,4,0.375
"Oakland Raiders",2,2018,0,26.11,3,0.375
"Oakland Raiders",3,2018,0,26.11,5,0.375
"Oakland Raiders",4,2018,1,26.11,6,0.375
"Oakland Raiders",5,2018,0,26.11,3,0.375
"Oakland Raiders",6,2018,0,26.11,-3,0.375
"Oakland Raiders",8,2018,0,26.11,-8,0.375
"Oakland Raiders",9,2018,0,26.11,1,0.375
"Oakland Raiders",1,2019,1,25.57,-5,0.25
"Oakland Raiders",10,2019,1,25.57,-6,0.25
"Oakland Raiders",11,2019,1,25.57,0,0.25
"Oakland Raiders",12,2019,0,25.57,-5,0.25
"Oakland Raiders",13,2019,0,25.57,-3,0.25
"Oakland Raiders",14,2019,0,25.57,-2,0.25
"Oakland Raiders",15,2019,0,25.57,-4,0.25
"Oakland Raiders",16,2019,1,25.57,4,0.25
"Oakland Raiders",17,2019,0,25.57,-6,0.25
"Oakland Raiders",2,2019,0,25.57,-5,0.25
"Oakland Raiders",3,2019,0,25.57,2,0.25
"Oakland Raiders",4,2019,1,25.57,-3,0.25
"Oakland Raiders",5,2019,1,25.57,7,0.25
"Oakland Raiders",7,2019,0,25.57,1,0.25
"Oakland Raiders",8,2019,0,25.57,-11,0.25
"Oakland Raiders",9,2019,1,25.57,1,0.25
"Philadelphia Eagles",1,2016,1,26.42,-3,0.4375
"Philadelphia Eagles",10,2016,1,26.42,-4,0.4375
"Philadelphia Eagles",11,2016,0,26.42,-4,0.4375
"Philadelphia Eagles",12,2016,0,26.42,-9,0.4375
"Philadelphia Eagles",13,2016,0,26.42,-3,0.4375
"Philadelphia Eagles",14,2016,0,26.42,-6,0.4375
"Philadelphia Eagles",15,2016,0,26.42,-8,0.4375
"Philadelphia Eagles",16,2016,1,26.42,-3,0.4375
"Philadelphia Eagles",17,2016,1,26.42,-1,0.4375
"Philadelphia Eagles",2,2016,1,26.42,-4,0.4375
"Philadelphia Eagles",3,2016,1,26.42,-3,0.4375
"Philadelphia Eagles",5,2016,0,26.42,-9,0.4375
"Philadelphia Eagles",6,2016,0,26.42,-9,0.4375
"Philadelphia Eagles",7,2016,1,26.42,-9,0.4375
"Philadelphia Eagles",8,2016,0,26.42,-5,0.4375
"Philadelphia Eagles",9,2016,0,26.42,-3,0.4375
"Philadelphia Eagles",1,2017,1,26.45,-2,0.4375
"Philadelphia Eagles",11,2017,1,26.45,-2,0.4375
"Philadelphia Eagles",12,2017,1,26.45,-6,0.4375
"Philadelphia Eagles",13,2017,0,26.45,-7,0.4375
"Philadelphia Eagles",14,2017,1,26.45,1,0.4375
"Philadelphia Eagles",15,2017,1,26.45,-16,0.4375
"Philadelphia Eagles",16,2017,1,26.45,-1,0.4375
"Philadelphia Eagles",17,2017,0,26.45,-3,0.4375
"Philadelphia Eagles",2,2017,0,26.45,-1,0.4375
"Philadelphia Eagles",3,2017,1,26.45,-2,0.4375
"Philadelphia Eagles",4,2017,1,26.45,6,0.4375
"Philadelphia Eagles",5,2017,1,26.45,1,0.4375
"Philadelphia Eagles",6,2017,1,26.45,-6,0.4375
"Philadelphia Eagles",7,2017,1,26.45,-2,0.4375
"Philadelphia Eagles",8,2017,1,26.45,-9,0.4375
"Philadelphia Eagles",9,2017,1,26.45,2,0.4375
"Philadelphia Eagles",1,2018,1,26.83,4,0.8125
"Philadelphia Eagles",10,2018,0,26.83,2,0.8125
"Philadelphia Eagles",11,2018,0,26.83,-5,0.8125
"Philadelphia Eagles",12,2018,1,26.83,1,0.8125
"Philadelphia Eagles",13,2018,1,26.83,-6,0.8125
"Philadelphia Eagles",14,2018,0,26.83,4,0.8125
"Philadelphia Eagles",15,2018,1,26.83,6,0.8125
"Philadelphia Eagles",16,2018,1,26.83,4,0.8125
"Philadelphia Eagles",17,2018,1,26.83,-11,0.8125
"Philadelphia Eagles",2,2018,0,26.83,-4,0.8125
"Philadelphia Eagles",3,2018,1,26.83,-8,0.8125
"Philadelphia Eagles",4,2018,0,26.83,-5,0.8125
"Philadelphia Eagles",5,2018,0,26.83,-2,0.8125
"Philadelphia Eagles",6,2018,1,26.83,0,0.8125
"Philadelphia Eagles",7,2018,0,26.83,5,0.8125
"Philadelphia Eagles",8,2018,1,26.83,-9,0.8125
"Philadelphia Eagles",1,2019,1,25.87,-4,0.5625
"Philadelphia Eagles",11,2019,0,25.87,-4,0.5625
"Philadelphia Eagles",12,2019,0,25.87,-5,0.5625
"Philadelphia Eagles",13,2019,0,25.87,-8,0.5625
"Philadelphia Eagles",14,2019,1,25.87,-1,0.5625
"Philadelphia Eagles",15,2019,1,25.87,-6,0.5625
"Philadelphia Eagles",16,2019,1,25.87,-3,0.5625
"Philadelphia Eagles",17,2019,1,25.87,0,0.5625
"Philadelphia Eagles",2,2019,0,25.87,-2,0.5625
"Philadelphia Eagles",3,2019,0,25.87,7,0.5625
"Philadelphia Eagles",4,2019,1,25.87,-4,0.5625
"Philadelphia Eagles",5,2019,1,25.87,1,0.5625
"Philadelphia Eagles",6,2019,0,25.87,4,0.5625
"Philadelphia Eagles",7,2019,0,25.87,1,0.5625
"Philadelphia Eagles",8,2019,1,25.87,4,0.5625
"Philadelphia Eagles",9,2019,1,25.87,4,0.5625
"Pittsburgh Steelers",1,2016,1,26.25,3,0.625
"Pittsburgh Steelers",10,2016,0,26.25,2,0.625
"Pittsburgh Steelers",11,2016,1,26.25,1,0.625
"Pittsburgh Steelers",12,2016,1,26.25,5,0.625
"Pittsburgh Steelers",13,2016,1,26.25,0,0.625
"Pittsburgh Steelers",14,2016,1,26.25,-1,0.625
"Pittsburgh Steelers",15,2016,1,26.25,3,0.625
"Pittsburgh Steelers",16,2016,1,26.25,-2,0.625
"Pittsburgh Steelers",17,2016,1,26.25,0,0.625
"Pittsburgh Steelers",2,2016,1,26.25,3,0.625
"Pittsburgh Steelers",3,2016,0,26.25,3,0.625
"Pittsburgh Steelers",4,2016,1,26.25,4,0.625
"Pittsburgh Steelers",5,2016,1,26.25,2,0.625
"Pittsburgh Steelers",6,2016,0,26.25,7,0.625
"Pittsburgh Steelers",7,2016,0,26.25,4,0.625
"Pittsburgh Steelers",9,2016,0,26.25,-9,0.625
"Pittsburgh Steelers",1,2017,1,26.32,-1,0.6875
"Pittsburgh Steelers",10,2017,1,26.32,-11,0.6875
"Pittsburgh Steelers",11,2017,1,26.32,1,0.6875
"Pittsburgh Steelers",12,2017,1,26.32,-6,0.6875
"Pittsburgh Steelers",13,2017,1,26.32,-4,0.6875
"Pittsburgh Steelers",14,2017,1,26.32,-8,0.6875
"Pittsburgh Steelers",15,2017,0,26.32,-7,0.6875
"Pittsburgh Steelers",16,2017,1,26.32,-12,0.6875
"Pittsburgh Steelers",17,2017,1,26.32,-8,0.6875
"Pittsburgh Steelers",2,2017,1,26.32,7,0.6875
"Pittsburgh Steelers",3,2017,0,26.32,-1,0.6875
"Pittsburgh Steelers",4,2017,1,26.32,-11,0.6875
"Pittsburgh Steelers",5,2017,0,26.32,-11,0.6875
"Pittsburgh Steelers",6,2017,1,26.32,-7,0.6875
"Pittsburgh Steelers",7,2017,1,26.32,-2,0.6875
"Pittsburgh Steelers",8,2017,1,26.32,-9,0.6875
"Pittsburgh Steelers",10,2018,1,26.04,2,0.8125
"Pittsburgh Steelers",11,2018,1,26.04,-10,0.8125
"Pittsburgh Steelers",12,2018,0,26.04,-2,0.8125
"Pittsburgh Steelers",13,2018,0,26.04,2,0.8125
"Pittsburgh Steelers",14,2018,0,26.04,-6,0.8125
"Pittsburgh Steelers",15,2018,1,26.04,-2,0.8125
"Pittsburgh Steelers",16,2018,0,26.04,-2,0.8125
"Pittsburgh Steelers",17,2018,1,26.04,-6,0.8125
"Pittsburgh Steelers",2,2018,0,26.04,3,0.8125
"Pittsburgh Steelers",3,2018,1,26.04,0,0.8125
"Pittsburgh Steelers",4,2018,0,26.04,-5,0.8125
"Pittsburgh Steelers",5,2018,1,26.04,5,0.8125
"Pittsburgh Steelers",6,2018,1,26.04,1,0.8125
"Pittsburgh Steelers",8,2018,1,26.04,1,0.8125
"Pittsburgh Steelers",9,2018,1,26.04,-8,0.8125
"Pittsburgh Steelers",1,2019,0,25.68,-8,0.6
"Pittsburgh Steelers",10,2019,1,25.68,1,0.6
"Pittsburgh Steelers",11,2019,0,25.68,0,0.6
"Pittsburgh Steelers",12,2019,1,25.68,2,0.6
"Pittsburgh Steelers",13,2019,1,25.68,5,0.6
"Pittsburgh Steelers",14,2019,1,25.68,-1,0.6
"Pittsburgh Steelers",15,2019,0,25.68,4,0.6
"Pittsburgh Steelers",16,2019,0,25.68,-10,0.6
"Pittsburgh Steelers",17,2019,0,25.68,-1,0.6
"Pittsburgh Steelers",2,2019,0,25.68,-14,0.6
"Pittsburgh Steelers",3,2019,0,25.68,-4,0.6
"Pittsburgh Steelers",4,2019,1,25.68,-2,0.6
"Pittsburgh Steelers",5,2019,0,25.68,-1,0.6
"Pittsburgh Steelers",6,2019,1,25.68,-4,0.6
"Pittsburgh Steelers",8,2019,1,25.68,-7,0.6
"Pittsburgh Steelers",9,2019,1,25.68,-5,0.6
"San Francisco 49ers",1,2016,1,26.13,-3,0.3125
"San Francisco 49ers",10,2016,0,26.13,-8,0.3125
"San Francisco 49ers",11,2016,0,26.13,-3,0.3125
"San Francisco 49ers",12,2016,0,26.13,-4,0.3125
"San Francisco 49ers",13,2016,0,26.13,-8,0.3125
"San Francisco 49ers",14,2016,0,26.13,-11,0.3125
"San Francisco 49ers",15,2016,0,26.13,-4,0.3125
"San Francisco 49ers",16,2016,1,26.13,3,0.3125
"San Francisco 49ers",17,2016,0,26.13,2,0.3125
"San Francisco 49ers",2,2016,0,26.13,0,0.3125
"San Francisco 49ers",3,2016,0,26.13,-4,0.3125
"San Francisco 49ers",4,2016,0,26.13,-7,0.3125
"San Francisco 49ers",5,2016,0,26.13,-2,0.3125
"San Francisco 49ers",6,2016,0,26.13,-7,0.3125
"San Francisco 49ers",7,2016,0,26.13,-3,0.3125
"San Francisco 49ers",9,2016,0,26.13,-11,0.3125
"San Francisco 49ers",1,2017,0,26.11,1,0.125
"San Francisco 49ers",10,2017,1,26.11,3,0.125
"San Francisco 49ers",12,2017,0,26.11,5,0.125
"San Francisco 49ers",13,2017,1,26.11,11,0.125
"San Francisco 49ers",14,2017,1,26.11,6,0.125
"San Francisco 49ers",15,2017,1,26.11,17,0.125
"San Francisco 49ers",16,2017,1,26.11,9,0.125
"San Francisco 49ers",17,2017,1,26.11,11,0.125
"San Francisco 49ers",2,2017,0,26.11,5,0.125
"San Francisco 49ers",3,2017,0,26.11,8,0.125
"San Francisco 49ers",4,2017,0,26.11,7,0.125
"San Francisco 49ers",5,2017,0,26.11,3,0.125
"San Francisco 49ers",6,2017,0,26.11,7,0.125
"San Francisco 49ers",7,2017,0,26.11,9,0.125
"San Francisco 49ers",8,2017,0,26.11,9,0.125
"San Francisco 49ers",9,2017,0,26.11,9,0.125
"San Francisco 49ers",1,2018,0,25.41,-4,0.375
"San Francisco 49ers",10,2018,0,25.41,-1,0.375
"San Francisco 49ers",12,2018,0,25.41,-3,0.375
"San Francisco 49ers",13,2018,0,25.41,-3,0.375
"San Francisco 49ers",14,2018,1,25.41,0,0.375
"San Francisco 49ers",15,2018,1,25.41,-4,0.375
"San Francisco 49ers",16,2018,0,25.41,8,0.375
"San Francisco 49ers",17,2018,0,25.41,5,0.375
"San Francisco 49ers",2,2018,1,25.41,1,0.375
"San Francisco 49ers",3,2018,0,25.41,0,0.375
"San Francisco 49ers",4,2018,0,25.41,3,0.375
"San Francisco 49ers",5,2018,0,25.41,2,0.375
"San Francisco 49ers",6,2018,0,25.41,-2,0.375
"San Francisco 49ers",7,2018,0,25.41,0,0.375
"San Francisco 49ers",8,2018,0,25.41,0,0.375
"San Francisco 49ers",9,2018,1,25.41,-1,0.375
"San Francisco 49ers",1,2019,1,26.08,0,0.25
"San Francisco 49ers",10,2019,0,26.08,-4,0.25
"San Francisco 49ers",11,2019,1,26.08,2,0.25
"San Francisco 49ers",12,2019,1,26.08,5,0.25
"San Francisco 49ers",13,2019,0,26.08,4,0.25
"San Francisco 49ers",14,2019,1,26.08,1,0.25
"San Francisco 49ers",15,2019,0,26.08,1,0.25
"San Francisco 49ers",16,2019,1,26.08,9,0.25
"San Francisco 49ers",17,2019,1,26.08,-4,0.25
"San Francisco 49ers",2,2019,1,26.08,3,0.25
"San Francisco 49ers",3,2019,1,26.08,4,0.25
"San Francisco 49ers",5,2019,1,26.08,0,0.25
"San Francisco 49ers",6,2019,1,26.08,7,0.25
"San Francisco 49ers",7,2019,1,26.08,-3,0.25
"San Francisco 49ers",8,2019,1,26.08,2,0.25
"San Francisco 49ers",9,2019,1,26.08,-1,0.25
"Seattle Seahawks",1,2016,1,26.14,-4,0.625
"Seattle Seahawks",10,2016,1,26.14,2,0.625
"Seattle Seahawks",11,2016,1,26.14,4,0.625
"Seattle Seahawks",12,2016,0,26.14,3,0.625
"Seattle Seahawks",13,2016,1,26.14,-3,0.625
"Seattle Seahawks",14,2016,0,26.14,-2,0.625
"Seattle Seahawks",15,2016,1,26.14,-1,0.625
"Seattle Seahawks",16,2016,0,26.14,-5,0.625
"Seattle Seahawks",17,2016,1,26.14,-2,0.625
"Seattle Seahawks",2,2016,0,26.14,-4,0.625
"Seattle Seahawks",3,2016,1,26.14,4,0.625
"Seattle Seahawks",4,2016,1,26.14,-2,0.625
"Seattle Seahawks",6,2016,1,26.14,2,0.625
"Seattle Seahawks",8,2016,0,26.14,-6,0.625
"Seattle Seahawks",9,2016,1,26.14,-1,0.625
"Seattle Seahawks",1,2017,0,25.98,3,0.666666666666667
"Seattle Seahawks",10,2017,1,25.98,3,0.666666666666667
"Seattle Seahawks",11,2017,0,25.98,12,0.666666666666667
"Seattle Seahawks",12,2017,1,25.98,-5,0.666666666666667
"Seattle Seahawks",13,2017,1,25.98,7,0.666666666666667
"Seattle Seahawks",14,2017,0,25.98,0,0.666666666666667
"Seattle Seahawks",15,2017,0,25.98,8,0.666666666666667
"Seattle Seahawks",16,2017,1,25.98,4,0.666666666666667
"Seattle Seahawks",17,2017,0,25.98,-3,0.666666666666667
"Seattle Seahawks",2,2017,1,25.98,-5,0.666666666666667
"Seattle Seahawks",3,2017,0,25.98,2,0.666666666666667
"Seattle Seahawks",4,2017,1,25.98,-5,0.666666666666667
"Seattle Seahawks",5,2017,1,25.98,6,0.666666666666667
"Seattle Seahawks",7,2017,1,25.98,-8,0.666666666666667
"Seattle Seahawks",8,2017,1,25.98,-1,0.666666666666667
"Seattle Seahawks",9,2017,0,25.98,0,0.666666666666667
"Seattle Seahawks",1,2018,0,25.77,-1,0.5625
"Seattle Seahawks",10,2018,0,25.77,7,0.5625
"Seattle Seahawks",11,2018,1,25.77,7,0.5625
"Seattle Seahawks",12,2018,1,25.77,5,0.5625
"Seattle Seahawks",13,2018,1,25.77,3,0.5625
"Seattle Seahawks",14,2018,1,25.77,4,0.5625
"Seattle Seahawks",15,2018,0,25.77,4,0.5625
"Seattle Seahawks",16,2018,1,25.77,1,0.5625
"Seattle Seahawks",17,2018,1,25.77,-3,0.5625
"Seattle Seahawks",2,2018,0,25.77,10,0.5625
"Seattle Seahawks",3,2018,1,25.77,8,0.5625
"Seattle Seahawks",4,2018,1,25.77,9,0.5625
"Seattle Seahawks",5,2018,0,25.77,6,0.5625
"Seattle Seahawks",6,2018,1,25.77,3,0.5625
"Seattle Seahawks",8,2018,1,25.77,5,0.5625
"Seattle Seahawks",9,2018,0,25.77,7,0.5625
"Seattle Seahawks",1,2019,1,26.24,7,0.625
"Seattle Seahawks",10,2019,1,26.24,4,0.625
"Seattle Seahawks",12,2019,1,26.24,5,0.625
"Seattle Seahawks",13,2019,1,26.24,12,0.625
"Seattle Seahawks",14,2019,0,26.24,9,0.625
"Seattle Seahawks",15,2019,1,26.24,5,0.625
"Seattle Seahawks",16,2019,0,26.24,4,0.625
"Seattle Seahawks",17,2019,0,26.24,4,0.625
"Seattle Seahawks",2,2019,1,26.24,14,0.625
"Seattle Seahawks",3,2019,0,26.24,6,0.625
"Seattle Seahawks",4,2019,1,26.24,6,0.625
"Seattle Seahawks",5,2019,1,26.24,7,0.625
"Seattle Seahawks",6,2019,1,26.24,7,0.625
"Seattle Seahawks",7,2019,0,26.24,8,0.625
"Seattle Seahawks",8,2019,1,26.24,1,0.625
"Seattle Seahawks",9,2019,1,26.24,9,0.625
"Tampa Bay Buccaneers",1,2016,1,25.85,0,0.375
"Tampa Bay Buccaneers",10,2016,1,25.85,-2,0.375
"Tampa Bay Buccaneers",11,2016,1,25.85,1,0.375
"Tampa Bay Buccaneers",12,2016,1,25.85,-3,0.375
"Tampa Bay Buccaneers",13,2016,1,25.85,-15,0.375
"Tampa Bay Buccaneers",14,2016,1,25.85,-7,0.375
"Tampa Bay Buccaneers",15,2016,0,25.85,0,0.375
"Tampa Bay Buccaneers",16,2016,0,25.85,-6,0.375
"Tampa Bay Buccaneers",17,2016,1,25.85,2,0.375
"Tampa Bay Buccaneers",2,2016,0,25.85,-1,0.375
"Tampa Bay Buccaneers",3,2016,0,25.85,-2,0.375
"Tampa Bay Buccaneers",4,2016,0,25.85,2,0.375
"Tampa Bay Buccaneers",5,2016,1,25.85,1,0.375
"Tampa Bay Buccaneers",7,2016,1,25.85,3,0.375
"Tampa Bay Buccaneers",8,2016,0,25.85,2,0.375
"Tampa Bay Buccaneers",9,2016,0,25.85,-3,0.375
"Tampa Bay Buccaneers",10,2017,1,26.47,-4,0.5625
"Tampa Bay Buccaneers",11,2017,1,26.47,-2,0.5625
"Tampa Bay Buccaneers",12,2017,0,26.47,4,0.5625
"Tampa Bay Buccaneers",13,2017,0,26.47,1,0.5625
"Tampa Bay Buccaneers",14,2017,0,26.47,-7,0.5625
"Tampa Bay Buccaneers",15,2017,0,26.47,5,0.5625
"Tampa Bay Buccaneers",16,2017,0,26.47,-2,0.5625
"Tampa Bay Buccaneers",17,2017,1,26.47,-11,0.5625
"Tampa Bay Buccaneers",2,2017,1,26.47,-5,0.5625
"Tampa Bay Buccaneers",3,2017,0,26.47,5,0.5625
"Tampa Bay Buccaneers",4,2017,1,26.47,-6,0.5625
"Tampa Bay Buccaneers",5,2017,0,26.47,-2,0.5625
"Tampa Bay Buccaneers",6,2017,0,26.47,-2,0.5625
"Tampa Bay Buccaneers",7,2017,0,26.47,3,0.5625
"Tampa Bay Buccaneers",8,2017,0,26.47,-10,0.5625
"Tampa Bay Buccaneers",9,2017,0,26.47,-11,0.5625
"Tampa Bay Buccaneers",1,2018,1,26.04,1,0.3125
"Tampa Bay Buccaneers",10,2018,0,26.04,-6,0.3125
"Tampa Bay Buccaneers",11,2018,0,26.04,3,0.3125
"Tampa Bay Buccaneers",12,2018,1,26.04,3,0.3125
"Tampa Bay Buccaneers",13,2018,1,26.04,9,0.3125
"Tampa Bay Buccaneers",14,2018,0,26.04,2,0.3125
"Tampa Bay Buccaneers",15,2018,0,26.04,-2,0.3125
"Tampa Bay Buccaneers",16,2018,0,26.04,4,0.3125
"Tampa Bay Buccaneers",17,2018,0,26.04,8,0.3125
"Tampa Bay Buccaneers",2,2018,1,26.04,4,0.3125
"Tampa Bay Buccaneers",3,2018,0,26.04,0,0.3125
"Tampa Bay Buccaneers",4,2018,0,26.04,7,0.3125
"Tampa Bay Buccaneers",6,2018,0,26.04,6,0.3125
"Tampa Bay Buccaneers",7,2018,1,26.04,2,0.3125
"Tampa Bay Buccaneers",8,2018,0,26.04,-2,0.3125
"Tampa Bay Buccaneers",9,2018,0,26.04,2,0.3125
"Tampa Bay Buccaneers",1,2019,0,25.98,0,0.3125
"Tampa Bay Buccaneers",10,2019,1,25.98,-2,0.3125
"Tampa Bay Buccaneers",11,2019,0,25.98,3,0.3125
"Tampa Bay Buccaneers",12,2019,1,25.98,-6,0.3125
"Tampa Bay Buccaneers",13,2019,1,25.98,-3,0.3125
"Tampa Bay Buccaneers",14,2019,1,25.98,-2,0.3125
"Tampa Bay Buccaneers",15,2019,1,25.98,-1,0.3125
"Tampa Bay Buccaneers",16,2019,0,25.98,0,0.3125
"Tampa Bay Buccaneers",17,2019,0,25.98,-3,0.3125
"Tampa Bay Buccaneers",2,2019,1,25.98,3,0.3125
"Tampa Bay Buccaneers",3,2019,0,25.98,3,0.3125
"Tampa Bay Buccaneers",4,2019,1,25.98,8,0.3125
"Tampa Bay Buccaneers",5,2019,0,25.98,2,0.3125
"Tampa Bay Buccaneers",6,2019,0,25.98,2,0.3125
"Tampa Bay Buccaneers",8,2019,0,25.98,-1,0.3125
"Tampa Bay Buccaneers",9,2019,0,25.98,-9,0.3125
"Tennessee Titans",1,2016,0,26.47,-5,0.1875
"Tennessee Titans",10,2016,1,26.47,-6,0.1875
"Tennessee Titans",11,2016,0,26.47,-2,0.1875
"Tennessee Titans",12,2016,1,26.47,-7,0.1875
"Tennessee Titans",14,2016,1,26.47,-3,0.1875
"Tennessee Titans",15,2016,1,26.47,-3,0.1875
"Tennessee Titans",16,2016,0,26.47,-13,0.1875
"Tennessee Titans",17,2016,1,26.47,-8,0.1875
"Tennessee Titans",2,2016,1,26.47,-6,0.1875
"Tennessee Titans",3,2016,0,26.47,1,0.1875
"Tennessee Titans",4,2016,0,26.47,-5,0.1875
"Tennessee Titans",5,2016,1,26.47,0,0.1875
"Tennessee Titans",6,2016,1,26.47,-11,0.1875
"Tennessee Titans",7,2016,0,26.47,-6,0.1875
"Tennessee Titans",8,2016,1,26.47,-2,0.1875
"Tennessee Titans",9,2016,0,26.47,-17,0.1875
"Tennessee Titans",1,2017,0,27.13,1,0.5625
"Tennessee Titans",10,2017,1,27.13,-3,0.5625
"Tennessee Titans",11,2017,0,27.13,-1,0.5625
"Tennessee Titans",12,2017,1,27.13,-8,0.5625
"Tennessee Titans",13,2017,1,27.13,-8,0.5625
"Tennessee Titans",14,2017,0,27.13,-12,0.5625
"Tennessee Titans",15,2017,0,27.13,-17,0.5625
"Tennessee Titans",16,2017,0,27.13,0,0.5625
"Tennessee Titans",17,2017,1,27.13,-7,0.5625
"Tennessee Titans",2,2017,1,27.13,-5,0.5625
"Tennessee Titans",3,2017,1,27.13,-2,0.5625
"Tennessee Titans",4,2017,0,27.13,-2,0.5625
"Tennessee Titans",5,2017,0,27.13,-2,0.5625
"Tennessee Titans",6,2017,1,27.13,-6,0.5625
"Tennessee Titans",7,2017,1,27.13,-5,0.5625
"Tennessee Titans",9,2017,1,27.13,-9,0.5625
"Tennessee Titans",1,2018,0,26.38,8,0.5625
"Tennessee Titans",10,2018,1,26.38,-1,0.5625
"Tennessee Titans",11,2018,0,26.38,-6,0.5625
"Tennessee Titans",12,2018,0,26.38,4,0.5625
"Tennessee Titans",13,2018,1,26.38,7,0.5625
"Tennessee Titans",14,2018,1,26.38,-9,0.5625
"Tennessee Titans",15,2018,1,26.38,4,0.5625
"Tennessee Titans",16,2018,1,26.38,-7,0.5625
"Tennessee Titans",17,2018,0,26.38,-2,0.5625
"Tennessee Titans",2,2018,1,26.38,5,0.5625
"Tennessee Titans",3,2018,1,26.38,3,0.5625
"Tennessee Titans",4,2018,1,26.38,5,0.5625
"Tennessee Titans",5,2018,0,26.38,12,0.5625
"Tennessee Titans",6,2018,0,26.38,0,0.5625
"Tennessee Titans",7,2018,0,26.38,6,0.5625
"Tennessee Titans",9,2018,1,26.38,2,0.5625
"Tennessee Titans",1,2019,1,26.08,5,0.5625
"Tennessee Titans",10,2019,1,26.08,-5,0.5625
"Tennessee Titans",12,2019,1,26.08,-4,0.5625
"Tennessee Titans",13,2019,1,26.08,-2,0.5625
"Tennessee Titans",14,2019,1,26.08,2,0.5625
"Tennessee Titans",15,2019,0,26.08,-2,0.5625
"Tennessee Titans",16,2019,0,26.08,-3,0.5625
"Tennessee Titans",17,2019,1,26.08,-6,0.5625
"Tennessee Titans",2,2019,0,26.08,-2,0.5625
"Tennessee Titans",3,2019,0,26.08,-1,0.5625
"Tennessee Titans",4,2019,1,26.08,-3,0.5625
"Tennessee Titans",5,2019,0,26.08,0,0.5625
"Tennessee Titans",6,2019,0,26.08,-3,0.5625
"Tennessee Titans",7,2019,1,26.08,-6,0.5625
"Tennessee Titans",8,2019,1,26.08,1,0.5625
"Tennessee Titans",9,2019,0,26.08,-2,0.5625
"Washington Football Team",1,2016,0,26.64,-3,0.5625
"Washington Football Team",10,2016,1,26.64,-2,0.5625
"Washington Football Team",11,2016,1,26.64,-1,0.5625
"Washington Football Team",12,2016,0,26.64,1,0.5625
"Washington Football Team",13,2016,0,26.64,-1,0.5625
"Washington Football Team",14,2016,1,26.64,6,0.5625
"Washington Football Team",15,2016,0,26.64,3,0.5625
"Washington Football Team",16,2016,1,26.64,-3,0.5625
"Washington Football Team",17,2016,0,26.64,3,0.5625
"Washington Football Team",2,2016,0,26.64,-2,0.5625
"Washington Football Team",3,2016,1,26.64,1,0.5625
"Washington Football Team",4,2016,1,26.64,-2,0.5625
"Washington Football Team",5,2016,1,26.64,0,0.5625
"Washington Football Team",6,2016,1,26.64,9,0.5625
"Washington Football Team",7,2016,0,26.64,-3,0.5625
"Washington Football Team",1,2017,0,26.04,2,0.533333333333333
"Washington Football Team",10,2017,0,26.04,5,0.533333333333333
"Washington Football Team",11,2017,0,26.04,-7,0.533333333333333
"Washington Football Team",12,2017,1,26.04,-5,0.533333333333333
"Washington Football Team",13,2017,0,26.04,7,0.533333333333333
"Washington Football Team",14,2017,0,26.04,9,0.533333333333333
"Washington Football Team",15,2017,1,26.04,-4,0.533333333333333
"Washington Football Team",16,2017,1,26.04,6,0.533333333333333
"Washington Football Team",17,2017,0,26.04,-8,0.533333333333333
"Washington Football Team",2,2017,1,26.04,1,0.533333333333333
"Washington Football Team",3,2017,1,26.04,4,0.533333333333333
"Washington Football Team",4,2017,0,26.04,-3,0.533333333333333
"Washington Football Team",6,2017,1,26.04,-7,0.533333333333333
"Washington Football Team",7,2017,0,26.04,2,0.533333333333333
"Washington Football Team",8,2017,0,26.04,2,0.533333333333333
"Washington Football Team",9,2017,1,26.04,0,0.533333333333333
"Washington Football Team",1,2018,1,26.28,2,0.4375
"Washington Football Team",10,2018,1,26.28,6,0.4375
"Washington Football Team",11,2018,0,26.28,5,0.4375
"Washington Football Team",12,2018,0,26.28,5,0.4375
"Washington Football Team",13,2018,0,26.28,6,0.4375
"Washington Football Team",14,2018,0,26.28,7,0.4375
"Washington Football Team",15,2018,1,26.28,-3,0.4375
"Washington Football Team",16,2018,0,26.28,7,0.4375
"Washington Football Team",17,2018,0,26.28,11,0.4375
"Washington Football Team",2,2018,0,26.28,-1,0.4375
"Washington Football Team",3,2018,1,26.28,8,0.4375
"Washington Football Team",5,2018,0,26.28,3,0.4375
"Washington Football Team",6,2018,1,26.28,6,0.4375
"Washington Football Team",7,2018,1,26.28,7,0.4375
"Washington Football Team",8,2018,1,26.28,0,0.4375
"Washington Football Team",9,2018,0,26.28,8,0.4375
"Washington Football Team",1,2019,0,26.02,4,0.4375
"Washington Football Team",11,2019,0,26.02,-1,0.4375
"Washington Football Team",12,2019,1,26.02,1,0.4375
"Washington Football Team",13,2019,1,26.02,1,0.4375
"Washington Football Team",14,2019,0,26.02,6,0.4375
"Washington Football Team",15,2019,0,26.02,6,0.4375
"Washington Football Team",16,2019,0,26.02,9,0.4375
"Washington Football Team",17,2019,0,26.02,4,0.4375
"Washington Football Team",2,2019,0,26.02,1,0.4375
"Washington Football Team",3,2019,0,26.02,11,0.4375
"Washington Football Team",4,2019,0,26.02,3,0.4375
"Washington Football Team",5,2019,0,26.02,1,0.4375
"Washington Football Team",6,2019,1,26.02,1,0.4375
"Washington Football Team",7,2019,0,26.02,3,0.4375
"Washington Football Team",8,2019,0,26.02,12,0.4375
"Washington Football Team",9,2019,0,26.02,9,0.4375
